randomization_prob,car_density,Run,average_speed
0.2,0.1,0,4.623762376237623
0.2,0.1,1,4.637623762376236
0.2,0.1,2,4.454455445544554
0.2,0.1,3,4.593069306930692
0.2,0.1,4,4.54059405940594
0.2,0.1,5,4.607920792079208
0.2,0.1,6,4.579207920792078
0.2,0.1,7,4.594059405940593
0.2,0.1,8,4.636633663366338
0.2,0.1,9,4.556435643564356
0.2,0.1,10,4.59108910891089
0.2,0.1,11,4.640594059405941
0.2,0.1,12,4.618811881188119
0.2,0.1,13,4.607920792079208
0.2,0.1,14,4.536633663366336
0.2,0.1,15,4.6009900990099
0.2,0.1,16,4.581188118811881
0.2,0.1,17,4.606930693069306
0.2,0.1,18,4.604950495049505
0.2,0.1,19,4.43069306930693
0.2,0.1,20,4.575247524752475
0.2,0.1,21,4.5534653465346535
0.2,0.1,22,4.481188118811882
0.2,0.1,23,4.416831683168318
0.2,0.1,24,4.449504950495049
0.2,0.1,25,4.568316831683168
0.2,0.1,26,4.585148514851485
0.2,0.1,27,4.417821782178217
0.2,0.1,28,4.516831683168316
0.2,0.1,29,4.551485148514851
0.2,0.1,30,4.481188118811882
0.2,0.1,31,4.6019801980198025
0.2,0.1,32,4.589108910891089
0.2,0.1,33,4.605940594059406
0.2,0.1,34,4.567326732673267
0.2,0.1,35,4.587128712871287
0.2,0.1,36,4.562376237623763
0.2,0.1,37,4.511881188118812
0.2,0.1,38,4.574257425742575
0.2,0.1,39,4.593069306930693
0.2,0.1,40,4.515841584158417
0.2,0.1,41,4.584158415841584
0.2,0.1,42,4.625742574257425
0.2,0.1,43,4.522772277227723
0.2,0.1,44,4.584158415841584
0.2,0.1,45,4.468316831683168
0.2,0.1,46,4.610891089108911
0.2,0.1,47,4.632673267326733
0.2,0.1,48,4.540594059405941
0.2,0.1,49,4.600990099009901
0.2,0.1,50,4.572277227722773
0.2,0.1,51,4.592079207920792
0.2,0.1,52,4.571287128712871
0.2,0.1,53,4.581188118811881
0.2,0.1,54,4.610891089108911
0.2,0.1,55,4.513861386138614
0.2,0.1,56,4.587128712871287
0.2,0.1,57,4.596039603960396
0.2,0.1,58,4.635643564356436
0.2,0.1,59,4.636633663366336
0.2,0.1,60,4.587128712871286
0.2,0.1,61,4.614851485148515
0.2,0.1,62,4.569306930693069
0.2,0.1,63,4.568316831683169
0.2,0.1,64,4.504950495049505
0.2,0.1,65,4.616831683168316
0.2,0.1,66,4.59108910891089
0.2,0.1,67,4.559405940594059
0.2,0.1,68,4.571287128712871
0.2,0.1,69,4.583168316831683
0.2,0.1,70,4.602970297029703
0.2,0.1,71,4.6297029702970285
0.2,0.1,72,4.551485148514851
0.2,0.1,73,4.543564356435642
0.2,0.1,74,4.616831683168316
0.2,0.1,75,4.43069306930693
0.2,0.1,76,4.567326732673268
0.2,0.1,77,4.59009900990099
0.2,0.1,78,4.592079207920793
0.2,0.1,79,4.525742574257426
0.2,0.1,80,4.626732673267327
0.2,0.1,81,4.3336633663366335
0.2,0.1,82,4.587128712871287
0.2,0.1,83,4.265346534653465
0.2,0.1,84,4.526732673267326
0.2,0.1,85,4.544554455445544
0.2,0.1,86,4.594059405940594
0.2,0.1,87,4.543564356435644
0.2,0.1,88,4.482178217821783
0.2,0.1,89,4.663366336633663
0.2,0.1,90,4.605940594059406
0.2,0.1,91,4.532673267326732
0.2,0.1,92,4.578217821782178
0.2,0.1,93,4.428712871287129
0.2,0.1,94,4.4950495049504955
0.2,0.1,95,4.556435643564357
0.2,0.1,96,4.622772277227722
0.2,0.1,97,4.581188118811881
0.2,0.1,98,4.6
0.2,0.1,99,4.515841584158416
0.2,0.2,100,2.7297029702970295
0.2,0.2,101,2.9435643564356435
0.2,0.2,102,2.8064356435643565
0.2,0.2,103,3.0306930693069307
0.2,0.2,104,2.8930693069306934
0.2,0.2,105,2.8757425742574254
0.2,0.2,106,2.7801980198019804
0.2,0.2,107,2.8376237623762366
0.2,0.2,108,2.786633663366337
0.2,0.2,109,2.6945544554455445
0.2,0.2,110,2.7846534653465347
0.2,0.2,111,2.887128712871288
0.2,0.2,112,2.804455445544554
0.2,0.2,113,3.0034653465346532
0.2,0.2,114,2.8396039603960403
0.2,0.2,115,2.9272277227722774
0.2,0.2,116,2.9198019801980197
0.2,0.2,117,2.8678217821782175
0.2,0.2,118,2.819306930693069
0.2,0.2,119,2.8099009900990093
0.2,0.2,120,2.951485148514851
0.2,0.2,121,2.9004950495049497
0.2,0.2,122,2.973762376237624
0.2,0.2,123,2.8054455445544564
0.2,0.2,124,2.706930693069307
0.2,0.2,125,2.835643564356436
0.2,0.2,126,2.8455445544554463
0.2,0.2,127,2.6995049504950486
0.2,0.2,128,2.8757425742574254
0.2,0.2,129,2.860891089108911
0.2,0.2,130,2.883168316831683
0.2,0.2,131,2.805940594059406
0.2,0.2,132,2.9608910891089106
0.2,0.2,133,2.8108910891089103
0.2,0.2,134,2.8905940594059403
0.2,0.2,135,2.74950495049505
0.2,0.2,136,2.6445544554455442
0.2,0.2,137,2.794554455445545
0.2,0.2,138,2.878217821782178
0.2,0.2,139,2.851980198019801
0.2,0.2,140,2.823762376237623
0.2,0.2,141,2.8618811881188115
0.2,0.2,142,2.6618811881188122
0.2,0.2,143,2.808415841584158
0.2,0.2,144,2.9351485148514858
0.2,0.2,145,2.702475247524752
0.2,0.2,146,2.935148514851485
0.2,0.2,147,2.7574257425742568
0.2,0.2,148,2.717326732673267
0.2,0.2,149,2.8940594059405935
0.2,0.2,150,2.9282178217821784
0.2,0.2,151,2.8316831683168315
0.2,0.2,152,2.9113861386138615
0.2,0.2,153,2.9321782178217832
0.2,0.2,154,2.747029702970297
0.2,0.2,155,2.691584158415842
0.2,0.2,156,2.682178217821782
0.2,0.2,157,2.849504950495049
0.2,0.2,158,2.8198019801980205
0.2,0.2,159,2.8118811881188126
0.2,0.2,160,2.767821782178218
0.2,0.2,161,2.9955445544554458
0.2,0.2,162,2.7589108910891094
0.2,0.2,163,2.9539603960396037
0.2,0.2,164,2.800990099009901
0.2,0.2,165,2.947524752475248
0.2,0.2,166,2.832178217821782
0.2,0.2,167,2.7777227722772277
0.2,0.2,168,2.7415841584158414
0.2,0.2,169,2.7965346534653466
0.2,0.2,170,2.5391089108910885
0.2,0.2,171,2.8960396039603964
0.2,0.2,172,2.917326732673267
0.2,0.2,173,2.9103960396039614
0.2,0.2,174,2.842079207920792
0.2,0.2,175,2.8069306930693076
0.2,0.2,176,2.9257425742574257
0.2,0.2,177,2.778217821782178
0.2,0.2,178,2.697524752475248
0.2,0.2,179,2.7227722772277234
0.2,0.2,180,2.7509900990099014
0.2,0.2,181,2.653960396039604
0.2,0.2,182,2.9480198019801973
0.2,0.2,183,2.6806930693069306
0.2,0.2,184,2.846039603960397
0.2,0.2,185,2.776732673267327
0.2,0.2,186,2.805940594059406
0.2,0.2,187,2.848019801980199
0.2,0.2,188,2.8440594059405946
0.2,0.2,189,2.882178217821783
0.2,0.2,190,2.951485148514851
0.2,0.2,191,2.8519801980198025
0.2,0.2,192,2.9039603960396048
0.2,0.2,193,2.9267326732673262
0.2,0.2,194,2.863861386138615
0.2,0.2,195,2.904455445544555
0.2,0.2,196,2.7618811881188123
0.2,0.2,197,2.819801980198019
0.2,0.2,198,2.98019801980198
0.2,0.2,199,2.769306930693069
0.2,0.30000000000000004,200,2.091089108910891
0.2,0.30000000000000004,201,2.0669966996699665
0.2,0.30000000000000004,202,1.9247524752475245
0.2,0.30000000000000004,203,2.07986798679868
0.2,0.30000000000000004,204,2.1366336633663368
0.2,0.30000000000000004,205,2.054785478547855
0.2,0.30000000000000004,206,2.10990099009901
0.2,0.30000000000000004,207,2.0976897689768976
0.2,0.30000000000000004,208,2.0145214521452144
0.2,0.30000000000000004,209,2.012541254125413
0.2,0.30000000000000004,210,2.0379537953795377
0.2,0.30000000000000004,211,2.057755775577558
0.2,0.30000000000000004,212,2.0273927392739273
0.2,0.30000000000000004,213,1.9613861386138616
0.2,0.30000000000000004,214,2.1679867986798675
0.2,0.30000000000000004,215,1.9848184818481849
0.2,0.30000000000000004,216,2.05940594059406
0.2,0.30000000000000004,217,2.1184818481848184
0.2,0.30000000000000004,218,2.0003300330033
0.2,0.30000000000000004,219,2.022772277227723
0.2,0.30000000000000004,220,2.052145214521452
0.2,0.30000000000000004,221,1.9333333333333331
0.2,0.30000000000000004,222,2.034653465346535
0.2,0.30000000000000004,223,1.9811881188118812
0.2,0.30000000000000004,224,1.9524752475247524
0.2,0.30000000000000004,225,2.01980198019802
0.2,0.30000000000000004,226,2.0653465346534654
0.2,0.30000000000000004,227,2.003300330033003
0.2,0.30000000000000004,228,1.9973597359735977
0.2,0.30000000000000004,229,2.133003300330033
0.2,0.30000000000000004,230,2.0712871287128714
0.2,0.30000000000000004,231,2.054125412541254
0.2,0.30000000000000004,232,2.0521452145214525
0.2,0.30000000000000004,233,2.0841584158415842
0.2,0.30000000000000004,234,1.9815181518151816
0.2,0.30000000000000004,235,2.0465346534653466
0.2,0.30000000000000004,236,2.1161716171617164
0.2,0.30000000000000004,237,1.9399339933993396
0.2,0.30000000000000004,238,2.097029702970297
0.2,0.30000000000000004,239,2.033003300330033
0.2,0.30000000000000004,240,2.1468646864686467
0.2,0.30000000000000004,241,2.038613861386138
0.2,0.30000000000000004,242,2.0501650165016505
0.2,0.30000000000000004,243,2.012871287128713
0.2,0.30000000000000004,244,2.0138613861386134
0.2,0.30000000000000004,245,1.980858085808581
0.2,0.30000000000000004,246,2.055115511551155
0.2,0.30000000000000004,247,1.999339933993399
0.2,0.30000000000000004,248,2.08976897689769
0.2,0.30000000000000004,249,2.1808580858085804
0.2,0.30000000000000004,250,2.0194719471947193
0.2,0.30000000000000004,251,2.052475247524752
0.2,0.30000000000000004,252,2.117821782178218
0.2,0.30000000000000004,253,1.9792079207920792
0.2,0.30000000000000004,254,2.0511551155115506
0.2,0.30000000000000004,255,2.0706270627062704
0.2,0.30000000000000004,256,2.0234323432343233
0.2,0.30000000000000004,257,2.105280528052805
0.2,0.30000000000000004,258,2.0264026402640263
0.2,0.30000000000000004,259,2.119471947194719
0.2,0.30000000000000004,260,2.076237623762376
0.2,0.30000000000000004,261,1.9983498349834978
0.2,0.30000000000000004,262,2.004620462046205
0.2,0.30000000000000004,263,1.989108910891089
0.2,0.30000000000000004,264,2.0617161716171624
0.2,0.30000000000000004,265,2.0214521452145218
0.2,0.30000000000000004,266,2.078877887788779
0.2,0.30000000000000004,267,1.9617161716171616
0.2,0.30000000000000004,268,2.160726072607261
0.2,0.30000000000000004,269,2.0663366336633664
0.2,0.30000000000000004,270,2.0666666666666673
0.2,0.30000000000000004,271,2.0877887788778877
0.2,0.30000000000000004,272,2.0310231023102308
0.2,0.30000000000000004,273,2.057755775577557
0.2,0.30000000000000004,274,2.017821782178218
0.2,0.30000000000000004,275,2.0722772277227723
0.2,0.30000000000000004,276,2.1
0.2,0.30000000000000004,277,2.124092409240924
0.2,0.30000000000000004,278,2.1082508250825085
0.2,0.30000000000000004,279,1.9435643564356437
0.2,0.30000000000000004,280,2.11980198019802
0.2,0.30000000000000004,281,2.0224422442244228
0.2,0.30000000000000004,282,2.1145214521452145
0.2,0.30000000000000004,283,2.06039603960396
0.2,0.30000000000000004,284,2.0366336633663367
0.2,0.30000000000000004,285,2.09042904290429
0.2,0.30000000000000004,286,2.1033003300330035
0.2,0.30000000000000004,287,2.086138613861386
0.2,0.30000000000000004,288,1.9564356435643564
0.2,0.30000000000000004,289,2.011551155115512
0.2,0.30000000000000004,290,2.007590759075908
0.2,0.30000000000000004,291,2.0792079207920793
0.2,0.30000000000000004,292,2.0765676567656763
0.2,0.30000000000000004,293,1.9785478547854785
0.2,0.30000000000000004,294,2.03003300330033
0.2,0.30000000000000004,295,2.0382838283828386
0.2,0.30000000000000004,296,2.0201320132013203
0.2,0.30000000000000004,297,1.9603960396039601
0.2,0.30000000000000004,298,2.054125412541254
0.2,0.30000000000000004,299,2.0336633663366332
0.2,0.4,300,1.66980198019802
0.2,0.4,301,1.6170792079207923
0.2,0.4,302,1.6529702970297029
0.2,0.4,303,1.6705445544554456
0.2,0.4,304,1.5824257425742576
0.2,0.4,305,1.5821782178217818
0.2,0.4,306,1.6527227722772277
0.2,0.4,307,1.7103960396039601
0.2,0.4,308,1.668316831683168
0.2,0.4,309,1.636633663366336
0.2,0.4,310,1.6314356435643564
0.2,0.4,311,1.627227722772277
0.2,0.4,312,1.6240099009900988
0.2,0.4,313,1.6388613861386139
0.2,0.4,314,1.66559405940594
0.2,0.4,315,1.6148514851485147
0.2,0.4,316,1.5695544554455445
0.2,0.4,317,1.6571782178217827
0.2,0.4,318,1.6126237623762372
0.2,0.4,319,1.6017326732673267
0.2,0.4,320,1.5886138613861387
0.2,0.4,321,1.6695544554455448
0.2,0.4,322,1.604207920792079
0.2,0.4,323,1.6386138613861385
0.2,0.4,324,1.6373762376237624
0.2,0.4,325,1.56509900990099
0.2,0.4,326,1.6915841584158418
0.2,0.4,327,1.6383663366336634
0.2,0.4,328,1.6373762376237622
0.2,0.4,329,1.662623762376238
0.2,0.4,330,1.5985148514851484
0.2,0.4,331,1.6717821782178217
0.2,0.4,332,1.675990099009901
0.2,0.4,333,1.6106435643564359
0.2,0.4,334,1.6774752475247525
0.2,0.4,335,1.6012376237623762
0.2,0.4,336,1.639108910891089
0.2,0.4,337,1.641336633663366
0.2,0.4,338,1.6509900990099007
0.2,0.4,339,1.6470297029702972
0.2,0.4,340,1.613861386138614
0.2,0.4,341,1.6910891089108913
0.2,0.4,342,1.5972772277227723
0.2,0.4,343,1.6428217821782178
0.2,0.4,344,1.5591584158415843
0.2,0.4,345,1.6165841584158416
0.2,0.4,346,1.5742574257425739
0.2,0.4,347,1.6297029702970294
0.2,0.4,348,1.5886138613861385
0.2,0.4,349,1.5960396039603957
0.2,0.4,350,1.654455445544555
0.2,0.4,351,1.677970297029703
0.2,0.4,352,1.6814356435643567
0.2,0.4,353,1.7121287128712868
0.2,0.4,354,1.602970297029703
0.2,0.4,355,1.6282178217821783
0.2,0.4,356,1.575
0.2,0.4,357,1.6368811881188123
0.2,0.4,358,1.6242574257425741
0.2,0.4,359,1.591089108910891
0.2,0.4,360,1.7044554455445542
0.2,0.4,361,1.6163366336633664
0.2,0.4,362,1.603960396039604
0.2,0.4,363,1.6626237623762374
0.2,0.4,364,1.6032178217821784
0.2,0.4,365,1.643069306930693
0.2,0.4,366,1.6017326732673267
0.2,0.4,367,1.6160891089108909
0.2,0.4,368,1.6373762376237624
0.2,0.4,369,1.6227722772277229
0.2,0.4,370,1.6636138613861386
0.2,0.4,371,1.58490099009901
0.2,0.4,372,1.60519801980198
0.2,0.4,373,1.6398514851485149
0.2,0.4,374,1.5948019801980202
0.2,0.4,375,1.643564356435644
0.2,0.4,376,1.6517326732673263
0.2,0.4,377,1.5891089108910894
0.2,0.4,378,1.6844059405940595
0.2,0.4,379,1.64529702970297
0.2,0.4,380,1.6378712871287127
0.2,0.4,381,1.6428217821782176
0.2,0.4,382,1.6170792079207923
0.2,0.4,383,1.6007425742574255
0.2,0.4,384,1.5742574257425739
0.2,0.4,385,1.5910891089108912
0.2,0.4,386,1.7193069306930693
0.2,0.4,387,1.60470297029703
0.2,0.4,388,1.6131188118811883
0.2,0.4,389,1.6309405940594055
0.2,0.4,390,1.6168316831683167
0.2,0.4,391,1.6410891089108914
0.2,0.4,392,1.5893564356435643
0.2,0.4,393,1.6022277227722772
0.2,0.4,394,1.5037128712871284
0.2,0.4,395,1.591089108910891
0.2,0.4,396,1.6094059405940593
0.2,0.4,397,1.596039603960396
0.2,0.4,398,1.6321782178217819
0.2,0.4,399,1.6056930693069311
0.2,0.5,400,1.3924752475247524
0.2,0.5,401,1.3156435643564357
0.2,0.5,402,1.4075247524752474
0.2,0.5,403,1.358811881188119
0.2,0.5,404,1.3566336633663365
0.2,0.5,405,1.3158415841584157
0.2,0.5,406,1.3532673267326734
0.2,0.5,407,1.4097029702970296
0.2,0.5,408,1.3124752475247525
0.2,0.5,409,1.3891089108910892
0.2,0.5,410,1.375841584158416
0.2,0.5,411,1.3475247524752478
0.2,0.5,412,1.3582178217821783
0.2,0.5,413,1.4067326732673269
0.2,0.5,414,1.3423762376237625
0.2,0.5,415,1.4150495049504952
0.2,0.5,416,1.3156435643564357
0.2,0.5,417,1.3599999999999999
0.2,0.5,418,1.3570297029702967
0.2,0.5,419,1.3637623762376239
0.2,0.5,420,1.4063366336633665
0.2,0.5,421,1.3762376237623761
0.2,0.5,422,1.3798019801980201
0.2,0.5,423,1.348910891089109
0.2,0.5,424,1.307128712871287
0.2,0.5,425,1.28970297029703
0.2,0.5,426,1.3097029702970298
0.2,0.5,427,1.398217821782178
0.2,0.5,428,1.415643564356436
0.2,0.5,429,1.3879207920792083
0.2,0.5,430,1.3372277227722773
0.2,0.5,431,1.3235643564356434
0.2,0.5,432,1.4156435643564358
0.2,0.5,433,1.3465346534653466
0.2,0.5,434,1.3960396039603964
0.2,0.5,435,1.4168316831683165
0.2,0.5,436,1.3809900990099009
0.2,0.5,437,1.3489108910891088
0.2,0.5,438,1.374851485148515
0.2,0.5,439,1.3435643564356434
0.2,0.5,440,1.348118811881188
0.2,0.5,441,1.3839603960396036
0.2,0.5,442,1.3043564356435646
0.2,0.5,443,1.358415841584158
0.2,0.5,444,1.3560396039603961
0.2,0.5,445,1.3047524752475248
0.2,0.5,446,1.3695049504950496
0.2,0.5,447,1.3778217821782177
0.2,0.5,448,1.3227722772277226
0.2,0.5,449,1.2867326732673265
0.2,0.5,450,1.3445544554455446
0.2,0.5,451,1.3469306930693068
0.2,0.5,452,1.3546534653465345
0.2,0.5,453,1.3138613861386137
0.2,0.5,454,1.3566336633663367
0.2,0.5,455,1.3273267326732672
0.2,0.5,456,1.3304950495049508
0.2,0.5,457,1.3984158415841588
0.2,0.5,458,1.4037623762376237
0.2,0.5,459,1.3716831683168316
0.2,0.5,460,1.3578217821782175
0.2,0.5,461,1.3592079207920793
0.2,0.5,462,1.3174257425742577
0.2,0.5,463,1.300990099009901
0.2,0.5,464,1.3364356435643565
0.2,0.5,465,1.3679207920792082
0.2,0.5,466,1.3580198019801983
0.2,0.5,467,1.373069306930693
0.2,0.5,468,1.3706930693069306
0.2,0.5,469,1.3399999999999999
0.2,0.5,470,1.3584158415841585
0.2,0.5,471,1.3594059405940595
0.2,0.5,472,1.3235643564356434
0.2,0.5,473,1.4245544554455445
0.2,0.5,474,1.4073267326732675
0.2,0.5,475,1.3405940594059405
0.2,0.5,476,1.333267326732673
0.2,0.5,477,1.3544554455445548
0.2,0.5,478,1.3437623762376243
0.2,0.5,479,1.3596039603960395
0.2,0.5,480,1.375643564356436
0.2,0.5,481,1.3912871287128712
0.2,0.5,482,1.3982178217821781
0.2,0.5,483,1.3164356435643565
0.2,0.5,484,1.363960396039604
0.2,0.5,485,1.3855445544554459
0.2,0.5,486,1.4186138613861385
0.2,0.5,487,1.4425742574257425
0.2,0.5,488,1.2677227722772277
0.2,0.5,489,1.311089108910891
0.2,0.5,490,1.35980198019802
0.2,0.5,491,1.3702970297029704
0.2,0.5,492,1.3790099009900985
0.2,0.5,493,1.340594059405941
0.2,0.5,494,1.3990099009900991
0.2,0.5,495,1.400792079207921
0.2,0.5,496,1.3205940594059407
0.2,0.5,497,1.3625742574257427
0.2,0.5,498,1.3457425742574258
0.2,0.5,499,1.3554455445544555
0.2,0.6,500,1.2145214521452146
0.2,0.6,501,1.1973597359735972
0.2,0.6,502,1.1937293729372935
0.2,0.6,503,1.145049504950495
0.2,0.6,504,1.0864686468646865
0.2,0.6,505,1.2206270627062705
0.2,0.6,506,1.132013201320132
0.2,0.6,507,1.208085808580858
0.2,0.6,508,1.1493399339933994
0.2,0.6,509,1.2189768976897688
0.2,0.6,510,1.1549504950495049
0.2,0.6,511,1.1584158415841583
0.2,0.6,512,1.1995049504950497
0.2,0.6,513,1.1605610561056103
0.2,0.6,514,1.1793729372937294
0.2,0.6,515,1.18993399339934
0.2,0.6,516,1.1813531353135314
0.2,0.6,517,1.1942244224422442
0.2,0.6,518,1.1582508250825085
0.2,0.6,519,1.1491749174917492
0.2,0.6,520,1.1227722772277227
0.2,0.6,521,1.1648514851485148
0.2,0.6,522,1.184983498349835
0.2,0.6,523,1.1486798679867987
0.2,0.6,524,1.1942244224422442
0.2,0.6,525,1.1795379537953796
0.2,0.6,526,1.2358085808580859
0.2,0.6,527,1.1315181518151816
0.2,0.6,528,1.2145214521452148
0.2,0.6,529,1.1627062706270628
0.2,0.6,530,1.2235973597359737
0.2,0.6,531,1.225907590759076
0.2,0.6,532,1.1554455445544556
0.2,0.6,533,1.1186468646864685
0.2,0.6,534,1.2006600660066007
0.2,0.6,535,1.1750825082508252
0.2,0.6,536,1.1821782178217821
0.2,0.6,537,1.1896039603960396
0.2,0.6,538,1.2420792079207923
0.2,0.6,539,1.1054455445544555
0.2,0.6,540,1.2453795379537957
0.2,0.6,541,1.2087458745874586
0.2,0.6,542,1.1211221122112212
0.2,0.6,543,1.1940594059405942
0.2,0.6,544,1.1483498349834984
0.2,0.6,545,1.1633663366336635
0.2,0.6,546,1.1165016501650167
0.2,0.6,547,1.1481848184818482
0.2,0.6,548,1.1554455445544554
0.2,0.6,549,1.1379537953795382
0.2,0.6,550,1.1801980198019801
0.2,0.6,551,1.1099009900990098
0.2,0.6,552,1.1782178217821782
0.2,0.6,553,1.131188118811881
0.2,0.6,554,1.1691419141914192
0.2,0.6,555,1.1635313531353138
0.2,0.6,556,1.2425742574257423
0.2,0.6,557,1.1976897689768977
0.2,0.6,558,1.1764026402640264
0.2,0.6,559,1.1914191419141915
0.2,0.6,560,1.2394389438943896
0.2,0.6,561,1.1975247524752475
0.2,0.6,562,1.1318481848184818
0.2,0.6,563,1.1856435643564356
0.2,0.6,564,1.163201320132013
0.2,0.6,565,1.1917491749174915
0.2,0.6,566,1.2214521452145215
0.2,0.6,567,1.131023102310231
0.2,0.6,568,1.1856435643564356
0.2,0.6,569,1.1592409240924093
0.2,0.6,570,1.1815181518151814
0.2,0.6,571,1.2092409240924094
0.2,0.6,572,1.2735973597359735
0.2,0.6,573,1.2214521452145213
0.2,0.6,574,1.1153465346534654
0.2,0.6,575,1.1945544554455445
0.2,0.6,576,1.1633663366336633
0.2,0.6,577,1.175907590759076
0.2,0.6,578,1.1886138613861386
0.2,0.6,579,1.242079207920792
0.2,0.6,580,1.1839933993399339
0.2,0.6,581,1.1671617161716172
0.2,0.6,582,1.1735973597359737
0.2,0.6,583,1.215016501650165
0.2,0.6,584,1.133168316831683
0.2,0.6,585,1.143069306930693
0.2,0.6,586,1.1648514851485148
0.2,0.6,587,1.1584158415841583
0.2,0.6,588,1.1249174917491747
0.2,0.6,589,1.162046204620462
0.2,0.6,590,1.253135313531353
0.2,0.6,591,1.2036303630363034
0.2,0.6,592,1.1886138613861386
0.2,0.6,593,1.1983498349834987
0.2,0.6,594,1.1932343234323433
0.2,0.6,595,1.195049504950495
0.2,0.6,596,1.1957095709570957
0.2,0.6,597,1.169306930693069
0.2,0.6,598,1.1455445544554457
0.2,0.6,599,1.1343234323432345
0.2,0.7000000000000001,600,1.002970297029703
0.2,0.7000000000000001,601,1.0335219236209334
0.2,0.7000000000000001,602,1.0353606789250351
0.2,0.7000000000000001,603,0.9865629420084864
0.2,0.7000000000000001,604,1.0613861386138612
0.2,0.7000000000000001,605,1.001980198019802
0.2,0.7000000000000001,606,1.0154172560113157
0.2,0.7000000000000001,607,0.9565770862800566
0.2,0.7000000000000001,608,1.0401697312588403
0.2,0.7000000000000001,609,1.0178217821782178
0.2,0.7000000000000001,610,1.0001414427157
0.2,0.7000000000000001,611,1.0196605374823196
0.2,0.7000000000000001,612,1.0200848656294201
0.2,0.7000000000000001,613,1.048939179632249
0.2,0.7000000000000001,614,0.9745403111739743
0.2,0.7000000000000001,615,1.0004243281471004
0.2,0.7000000000000001,616,1.026308345120226
0.2,0.7000000000000001,617,1.0462517680339463
0.2,0.7000000000000001,618,1.0567185289957566
0.2,0.7000000000000001,619,1.0405940594059406
0.2,0.7000000000000001,620,1.0104667609618105
0.2,0.7000000000000001,621,1.0736916548797737
0.2,0.7000000000000001,622,1.0135785007072136
0.2,0.7000000000000001,623,0.9817538896746819
0.2,0.7000000000000001,624,1.026166902404526
0.2,0.7000000000000001,625,1.0789250353606787
0.2,0.7000000000000001,626,1.0898161244695899
0.2,0.7000000000000001,627,1.0097595473833096
0.2,0.7000000000000001,628,1.016973125884017
0.2,0.7000000000000001,629,1.0314002828854314
0.2,0.7000000000000001,630,1.0158415841584156
0.2,0.7000000000000001,631,1.04031117397454
0.2,0.7000000000000001,632,1.0486562942008484
0.2,0.7000000000000001,633,1.051909476661952
0.2,0.7000000000000001,634,0.9951909476661952
0.2,0.7000000000000001,635,1.0107496463932109
0.2,0.7000000000000001,636,0.9881188118811881
0.2,0.7000000000000001,637,1.0589816124469589
0.2,0.7000000000000001,638,1.0366336633663364
0.2,0.7000000000000001,639,1.0702970297029704
0.2,0.7000000000000001,640,0.9933521923620934
0.2,0.7000000000000001,641,1.083168316831683
0.2,0.7000000000000001,642,1.0094766619519093
0.2,0.7000000000000001,643,1.0530410183875527
0.2,0.7000000000000001,644,1.0613861386138614
0.2,0.7000000000000001,645,1.0043847241867045
0.2,0.7000000000000001,646,1.0622347949080624
0.2,0.7000000000000001,647,1.0210749646393211
0.2,0.7000000000000001,648,1.032107496463932
0.2,0.7000000000000001,649,1.0455445544554456
0.2,0.7000000000000001,650,1.0073550212164073
0.2,0.7000000000000001,651,1.0315417256011314
0.2,0.7000000000000001,652,1.034794908062235
0.2,0.7000000000000001,653,1.0956152758132955
0.2,0.7000000000000001,654,0.9858557284299858
0.2,0.7000000000000001,655,1.0554455445544555
0.2,0.7000000000000001,656,1.0875530410183876
0.2,0.7000000000000001,657,1.0196605374823196
0.2,0.7000000000000001,658,0.9930693069306931
0.2,0.7000000000000001,659,1.0444130127298445
0.2,0.7000000000000001,660,1.0217821782178218
0.2,0.7000000000000001,661,1.0698727015558698
0.2,0.7000000000000001,662,0.9923620933521924
0.2,0.7000000000000001,663,1.009052333804809
0.2,0.7000000000000001,664,1.0096181046676096
0.2,0.7000000000000001,665,1.0414427157001416
0.2,0.7000000000000001,666,1.006930693069307
0.2,0.7000000000000001,667,1.0745403111739744
0.2,0.7000000000000001,668,1.0434229137199433
0.2,0.7000000000000001,669,1.0618104667609618
0.2,0.7000000000000001,670,1.0835926449787836
0.2,0.7000000000000001,671,1.0588401697312588
0.2,0.7000000000000001,672,1.0611032531824611
0.2,0.7000000000000001,673,1.010891089108911
0.2,0.7000000000000001,674,1.0565770862800565
0.2,0.7000000000000001,675,1.032107496463932
0.2,0.7000000000000001,676,1.0083451202263083
0.2,0.7000000000000001,677,1.0690240452616688
0.2,0.7000000000000001,678,1.0923620933521923
0.2,0.7000000000000001,679,1.0084865629420086
0.2,0.7000000000000001,680,1.0091937765205092
0.2,0.7000000000000001,681,1.057142857142857
0.2,0.7000000000000001,682,0.9670438472418671
0.2,0.7000000000000001,683,1.0287128712871283
0.2,0.7000000000000001,684,1.0386138613861386
0.2,0.7000000000000001,685,0.9650636492220651
0.2,0.7000000000000001,686,1.0455445544554456
0.2,0.7000000000000001,687,1.0288543140028288
0.2,0.7000000000000001,688,1.0603960396039604
0.2,0.7000000000000001,689,1.04992927864215
0.2,0.7000000000000001,690,1.079207920792079
0.2,0.7000000000000001,691,1.0244695898161245
0.2,0.7000000000000001,692,1.0984441301272985
0.2,0.7000000000000001,693,1.0632248939179632
0.2,0.7000000000000001,694,1.0495049504950495
0.2,0.7000000000000001,695,1.031966053748232
0.2,0.7000000000000001,696,1.0506364922206506
0.2,0.7000000000000001,697,1.0281471004243279
0.2,0.7000000000000001,698,1.0717114568599717
0.2,0.7000000000000001,699,1.0305516265912305
0.2,0.8,700,0.9524752475247525
0.2,0.8,701,0.9527227722772278
0.2,0.8,702,0.9422029702970298
0.2,0.8,703,0.9206683168316833
0.2,0.8,704,0.893688118811881
0.2,0.8,705,0.9189356435643565
0.2,0.8,706,0.9962871287128713
0.2,0.8,707,0.8689356435643565
0.2,0.8,708,0.9077970297029703
0.2,0.8,709,0.926980198019802
0.2,0.8,710,0.8724009900990098
0.2,0.8,711,0.9163366336633663
0.2,0.8,712,0.943069306930693
0.2,0.8,713,0.8373762376237625
0.2,0.8,714,0.9027227722772279
0.2,0.8,715,0.9199257425742574
0.2,0.8,716,0.9402227722772277
0.2,0.8,717,0.9242574257425743
0.2,0.8,718,0.9137376237623763
0.2,0.8,719,0.9576732673267326
0.2,0.8,720,0.980074257425743
0.2,0.8,721,0.8837871287128711
0.2,0.8,722,0.9669554455445543
0.2,0.8,723,0.9157178217821781
0.2,0.8,724,0.9799504950495049
0.2,0.8,725,0.9751237623762374
0.2,0.8,726,0.970420792079208
0.2,0.8,727,0.9042079207920792
0.2,0.8,728,0.9214108910891089
0.2,0.8,729,0.9238861386138614
0.2,0.8,730,0.9566831683168315
0.2,0.8,731,0.916089108910891
0.2,0.8,732,0.9125000000000001
0.2,0.8,733,0.9482673267326732
0.2,0.8,734,0.8970297029702969
0.2,0.8,735,0.8685643564356437
0.2,0.8,736,0.926980198019802
0.2,0.8,737,0.9486386138613861
0.2,0.8,738,0.9294554455445543
0.2,0.8,739,0.8922029702970297
0.2,0.8,740,0.9821782178217822
0.2,0.8,741,0.9485148514851485
0.2,0.8,742,0.8887376237623763
0.2,0.8,743,0.857549504950495
0.2,0.8,744,1.008168316831683
0.2,0.8,745,0.8868811881188119
0.2,0.8,746,0.9334158415841585
0.2,0.8,747,0.9251237623762375
0.2,0.8,748,0.9831683168316832
0.2,0.8,749,0.9033415841584157
0.2,0.8,750,0.9460396039603961
0.2,0.8,751,0.9284653465346535
0.2,0.8,752,0.9544554455445546
0.2,0.8,753,0.9091584158415843
0.2,0.8,754,0.9561881188118813
0.2,0.8,755,0.9193069306930692
0.2,0.8,756,0.9600247524752475
0.2,0.8,757,0.9590346534653467
0.2,0.8,758,0.8863861386138613
0.2,0.8,759,0.989108910891089
0.2,0.8,760,0.9623762376237625
0.2,0.8,761,0.9452970297029702
0.2,0.8,762,0.9626237623762377
0.2,0.8,763,0.9204207920792077
0.2,0.8,764,0.9538366336633664
0.2,0.8,765,0.9019801980198021
0.2,0.8,766,0.9198019801980197
0.2,0.8,767,0.8842821782178217
0.2,0.8,768,0.9435643564356436
0.2,0.8,769,0.9002475247524754
0.2,0.8,770,0.9202970297029703
0.2,0.8,771,0.9159653465346533
0.2,0.8,772,0.9601485148514852
0.2,0.8,773,0.9407178217821782
0.2,0.8,774,0.9230198019801981
0.2,0.8,775,0.9454207920792077
0.2,0.8,776,0.907549504950495
0.2,0.8,777,0.8957920792079209
0.2,0.8,778,0.9324257425742576
0.2,0.8,779,0.8874999999999998
0.2,0.8,780,0.9264851485148516
0.2,0.8,781,0.988861386138614
0.2,0.8,782,0.8836633663366336
0.2,0.8,783,0.9851485148514851
0.2,0.8,784,0.9620049504950496
0.2,0.8,785,0.9315594059405939
0.2,0.8,786,0.9384900990099009
0.2,0.8,787,0.9164603960396039
0.2,0.8,788,0.9162128712871287
0.2,0.8,789,0.8977722772277229
0.2,0.8,790,0.9193069306930693
0.2,0.8,791,0.9186881188118812
0.2,0.8,792,0.9434405940594057
0.2,0.8,793,0.9517326732673266
0.2,0.8,794,0.9694306930693071
0.2,0.8,795,0.9831683168316832
0.2,0.8,796,0.9555693069306932
0.2,0.8,797,0.9650990099009902
0.2,0.8,798,0.9267326732673267
0.2,0.8,799,0.8581683168316832
0.2,0.9,800,0.8023102310231024
0.2,0.9,801,0.8859185918591862
0.2,0.9,802,0.880748074807481
0.2,0.9,803,0.8229922992299232
0.2,0.9,804,0.8480748074807481
0.2,0.9,805,0.8547854785478549
0.2,0.9,806,0.8522552255225523
0.2,0.9,807,0.883058305830583
0.2,0.9,808,0.9097909790979096
0.2,0.9,809,0.8106710671067107
0.2,0.9,810,0.7633663366336633
0.2,0.9,811,0.8542354235423543
0.2,0.9,812,0.8742574257425743
0.2,0.9,813,0.8818481848184818
0.2,0.9,814,0.8201320132013202
0.2,0.9,815,0.8273927392739275
0.2,0.9,816,0.877887788778878
0.2,0.9,817,0.8502750275027503
0.2,0.9,818,0.8130913091309131
0.2,0.9,819,0.8443344334433445
0.2,0.9,820,0.8691969196919692
0.2,0.9,821,0.9058305830583059
0.2,0.9,822,0.8667766776677667
0.2,0.9,823,0.796039603960396
0.2,0.9,824,0.8283828382838283
0.2,0.9,825,0.8177117711771176
0.2,0.9,826,0.7702970297029704
0.2,0.9,827,0.83003300330033
0.2,0.9,828,0.8640264026402642
0.2,0.9,829,0.8295929592959295
0.2,0.9,830,0.8773377337733772
0.2,0.9,831,0.8737073707370738
0.2,0.9,832,0.8785478547854784
0.2,0.9,833,0.8358635863586358
0.2,0.9,834,0.8636963696369638
0.2,0.9,835,0.8458745874587458
0.2,0.9,836,0.8528052805280528
0.2,0.9,837,0.8281628162816281
0.2,0.9,838,0.8575357535753576
0.2,0.9,839,0.839053905390539
0.2,0.9,840,0.8433443344334434
0.2,0.9,841,0.8487348734873487
0.2,0.9,842,0.8503850385038505
0.2,0.9,843,0.8393839383938393
0.2,0.9,844,0.8183718371837182
0.2,0.9,845,0.8396039603960396
0.2,0.9,846,0.8467546754675468
0.2,0.9,847,0.8484048404840485
0.2,0.9,848,0.8165016501650165
0.2,0.9,849,0.8123212321232123
0.2,0.9,850,0.8451045104510454
0.2,0.9,851,0.8379537953795381
0.2,0.9,852,0.8020902090209019
0.2,0.9,853,0.857095709570957
0.2,0.9,854,0.9102310231023103
0.2,0.9,855,0.9479647964796479
0.2,0.9,856,0.822002200220022
0.2,0.9,857,0.8356435643564356
0.2,0.9,858,0.8327832783278329
0.2,0.9,859,0.8181518151815184
0.2,0.9,860,0.8201320132013202
0.2,0.9,861,0.8587458745874589
0.2,0.9,862,0.8566556655665568
0.2,0.9,863,0.8374037403740374
0.2,0.9,864,0.8198019801980198
0.2,0.9,865,0.8399339933993397
0.2,0.9,866,0.9036303630363036
0.2,0.9,867,0.8178217821782177
0.2,0.9,868,0.8244224422442246
0.2,0.9,869,0.7915291529152915
0.2,0.9,870,0.8702970297029704
0.2,0.9,871,0.8804180418041804
0.2,0.9,872,0.8576457645764578
0.2,0.9,873,0.8436743674367438
0.2,0.9,874,0.8379537953795382
0.2,0.9,875,0.8449944994499449
0.2,0.9,876,0.8003300330033003
0.2,0.9,877,0.8085808580858085
0.2,0.9,878,0.8350935093509352
0.2,0.9,879,0.8392739273927393
0.2,0.9,880,0.8235423542354235
0.2,0.9,881,0.8680968096809681
0.2,0.9,882,0.8755775577557755
0.2,0.9,883,0.8821782178217824
0.2,0.9,884,0.8394939493949395
0.2,0.9,885,0.8507150715071506
0.2,0.9,886,0.8209020902090207
0.2,0.9,887,0.7965896589658963
0.2,0.9,888,0.8174917491749176
0.2,0.9,889,0.8960396039603962
0.2,0.9,890,0.8315731573157317
0.2,0.9,891,0.8823982398239822
0.2,0.9,892,0.8423542354235426
0.2,0.9,893,0.8064906490649064
0.2,0.9,894,0.8192519251925192
0.2,0.9,895,0.921012101210121
0.2,0.9,896,0.8511551155115513
0.2,0.9,897,0.8822882288228823
0.2,0.9,898,0.921122112211221
0.2,0.9,899,0.9037403740374038
0.5,0.1,900,3.9861386138613866
0.5,0.1,901,3.37920792079208
0.5,0.1,902,2.9504950495049505
0.5,0.1,903,2.847524752475248
0.5,0.1,904,3.9584158415841593
0.5,0.1,905,3.740594059405941
0.5,0.1,906,3.802970297029703
0.5,0.1,907,4.242574257425742
0.5,0.1,908,3.3683168316831686
0.5,0.1,909,4.144554455445544
0.5,0.1,910,3.91980198019802
0.5,0.1,911,3.3534653465346533
0.5,0.1,912,3.8000000000000003
0.5,0.1,913,3.1475247524752468
0.5,0.1,914,3.2633663366336636
0.5,0.1,915,3.399009900990098
0.5,0.1,916,4.278217821782178
0.5,0.1,917,3.689108910891089
0.5,0.1,918,3.605940594059406
0.5,0.1,919,3.2990099009900984
0.5,0.1,920,4.045544554455446
0.5,0.1,921,3.8386138613861385
0.5,0.1,922,3.620792079207921
0.5,0.1,923,3.3356435643564355
0.5,0.1,924,3.5267326732673268
0.5,0.1,925,3.189108910891089
0.5,0.1,926,4.048514851485148
0.5,0.1,927,3.1217821782178223
0.5,0.1,928,3.713861386138614
0.5,0.1,929,3.769306930693069
0.5,0.1,930,4.111881188118812
0.5,0.1,931,2.993069306930693
0.5,0.1,932,4.25940594059406
0.5,0.1,933,3.0594059405940595
0.5,0.1,934,3.7633663366336623
0.5,0.1,935,3.0564356435643565
0.5,0.1,936,4.077227722772277
0.5,0.1,937,3.9910891089108906
0.5,0.1,938,3.704950495049506
0.5,0.1,939,3.6762376237623764
0.5,0.1,940,3.4198019801980197
0.5,0.1,941,3.6227722772277224
0.5,0.1,942,2.655445544554456
0.5,0.1,943,4.206930693069307
0.5,0.1,944,4.243564356435643
0.5,0.1,945,2.944554455445545
0.5,0.1,946,4.056435643564357
0.5,0.1,947,4.1138613861386135
0.5,0.1,948,3.9782178217821764
0.5,0.1,949,4.114851485148515
0.5,0.1,950,4.147524752475248
0.5,0.1,951,4.133663366336634
0.5,0.1,952,3.9188118811881196
0.5,0.1,953,3.3534653465346533
0.5,0.1,954,3.7207920792079197
0.5,0.1,955,4.151485148514851
0.5,0.1,956,3.719801980198019
0.5,0.1,957,3.366336633663366
0.5,0.1,958,3.3930693069306925
0.5,0.1,959,3.5762376237623763
0.5,0.1,960,3.7396039603960394
0.5,0.1,961,3.329702970297029
0.5,0.1,962,2.902970297029703
0.5,0.1,963,3.2752475247524755
0.5,0.1,964,3.4297029702970296
0.5,0.1,965,3.4099009900990103
0.5,0.1,966,3.9831683168316827
0.5,0.1,967,3.2138613861386136
0.5,0.1,968,3.400990099009901
0.5,0.1,969,3.226732673267326
0.5,0.1,970,3.9940594059405945
0.5,0.1,971,3.9465346534653474
0.5,0.1,972,3.1396039603960393
0.5,0.1,973,3.6900990099009894
0.5,0.1,974,3.827722772277228
0.5,0.1,975,3.86930693069307
0.5,0.1,976,3.9316831683168325
0.5,0.1,977,4.296039603960396
0.5,0.1,978,4.1059405940594065
0.5,0.1,979,2.8544554455445548
0.5,0.1,980,3.095049504950496
0.5,0.1,981,3.8128712871287127
0.5,0.1,982,3.257425742574258
0.5,0.1,983,3.94950495049505
0.5,0.1,984,3.9049504950495053
0.5,0.1,985,3.4702970297029703
0.5,0.1,986,3.354455445544554
0.5,0.1,987,3.389108910891089
0.5,0.1,988,3.0445544554455446
0.5,0.1,989,3.9495049504950495
0.5,0.1,990,4.069306930693069
0.5,0.1,991,3.9990099009900986
0.5,0.1,992,3.80990099009901
0.5,0.1,993,3.9821782178217817
0.5,0.1,994,3.6762376237623764
0.5,0.1,995,3.9920792079207907
0.5,0.1,996,3.564356435643564
0.5,0.1,997,3.2524752475247523
0.5,0.1,998,3.9603960396039604
0.5,0.1,999,3.836633663366336
0.5,0.2,1000,1.6955445544554457
0.5,0.2,1001,1.5361386138613862
0.5,0.2,1002,1.7767326732673265
0.5,0.2,1003,1.6767326732673267
0.5,0.2,1004,1.6000000000000003
0.5,0.2,1005,1.7490099009900997
0.5,0.2,1006,1.7712871287128713
0.5,0.2,1007,1.8440594059405941
0.5,0.2,1008,1.913366336633663
0.5,0.2,1009,1.8118811881188122
0.5,0.2,1010,1.646039603960396
0.5,0.2,1011,1.654950495049505
0.5,0.2,1012,1.796039603960396
0.5,0.2,1013,1.5529702970297026
0.5,0.2,1014,1.8089108910891092
0.5,0.2,1015,1.7237623762376237
0.5,0.2,1016,1.9871287128712873
0.5,0.2,1017,1.7465346534653463
0.5,0.2,1018,1.692079207920792
0.5,0.2,1019,1.5856435643564357
0.5,0.2,1020,1.7376237623762374
0.5,0.2,1021,1.7099009900990099
0.5,0.2,1022,1.65940594059406
0.5,0.2,1023,1.7569306930693065
0.5,0.2,1024,1.7579207920792077
0.5,0.2,1025,1.7415841584158414
0.5,0.2,1026,1.8405940594059407
0.5,0.2,1027,1.6277227722772278
0.5,0.2,1028,1.674752475247525
0.5,0.2,1029,1.7787128712871285
0.5,0.2,1030,1.6945544554455443
0.5,0.2,1031,1.8074257425742573
0.5,0.2,1032,1.9133663366336633
0.5,0.2,1033,1.7113861386138614
0.5,0.2,1034,1.7965346534653468
0.5,0.2,1035,1.7440594059405945
0.5,0.2,1036,1.749009900990099
0.5,0.2,1037,1.8524752475247528
0.5,0.2,1038,1.7356435643564359
0.5,0.2,1039,1.6024752475247523
0.5,0.2,1040,1.7064356435643562
0.5,0.2,1041,1.8391089108910894
0.5,0.2,1042,1.9099009900990096
0.5,0.2,1043,1.7529702970297028
0.5,0.2,1044,1.6148514851485152
0.5,0.2,1045,1.68960396039604
0.5,0.2,1046,1.8321782178217823
0.5,0.2,1047,1.8425742574257422
0.5,0.2,1048,1.7336633663366339
0.5,0.2,1049,1.7970297029702968
0.5,0.2,1050,1.8014851485148513
0.5,0.2,1051,1.6089108910891092
0.5,0.2,1052,1.6460396039603964
0.5,0.2,1053,1.403960396039604
0.5,0.2,1054,1.7371287128712873
0.5,0.2,1055,1.8717821782178217
0.5,0.2,1056,1.9881188118811886
0.5,0.2,1057,1.6910891089108913
0.5,0.2,1058,1.8138613861386144
0.5,0.2,1059,1.7118811881188118
0.5,0.2,1060,1.8202970297029706
0.5,0.2,1061,1.6782178217821786
0.5,0.2,1062,1.6341584158415843
0.5,0.2,1063,1.8698019801980197
0.5,0.2,1064,1.8386138613861387
0.5,0.2,1065,1.7499999999999993
0.5,0.2,1066,1.7490099009900988
0.5,0.2,1067,1.6564356435643566
0.5,0.2,1068,1.5123762376237622
0.5,0.2,1069,1.7217821782178218
0.5,0.2,1070,1.766831683168317
0.5,0.2,1071,1.8836633663366336
0.5,0.2,1072,1.7237623762376237
0.5,0.2,1073,1.6806930693069306
0.5,0.2,1074,1.9103960396039605
0.5,0.2,1075,1.621782178217822
0.5,0.2,1076,1.779207920792079
0.5,0.2,1077,1.7930693069306927
0.5,0.2,1078,1.804950495049505
0.5,0.2,1079,1.7559405940594055
0.5,0.2,1080,1.622277227722772
0.5,0.2,1081,1.6425742574257423
0.5,0.2,1082,1.6915841584158415
0.5,0.2,1083,1.825742574257426
0.5,0.2,1084,1.8519801980198018
0.5,0.2,1085,1.7920792079207921
0.5,0.2,1086,1.8153465346534658
0.5,0.2,1087,1.781683168316832
0.5,0.2,1088,1.841089108910891
0.5,0.2,1089,1.5940594059405941
0.5,0.2,1090,1.6589108910891093
0.5,0.2,1091,1.519306930693069
0.5,0.2,1092,1.7094059405940594
0.5,0.2,1093,1.5970297029702971
0.5,0.2,1094,1.7811881188118814
0.5,0.2,1095,1.7386138613861386
0.5,0.2,1096,1.697029702970297
0.5,0.2,1097,1.8985148514851484
0.5,0.2,1098,1.6792079207920794
0.5,0.2,1099,1.749009900990099
0.5,0.30000000000000004,1100,1.2
0.5,0.30000000000000004,1101,1.1501650165016502
0.5,0.30000000000000004,1102,1.1716171617161715
0.5,0.30000000000000004,1103,1.1584158415841581
0.5,0.30000000000000004,1104,1.1828382838283826
0.5,0.30000000000000004,1105,1.1574257425742576
0.5,0.30000000000000004,1106,1.1234323432343234
0.5,0.30000000000000004,1107,1.148844884488449
0.5,0.30000000000000004,1108,1.1963696369636967
0.5,0.30000000000000004,1109,1.2735973597359738
0.5,0.30000000000000004,1110,1.1376237623762377
0.5,0.30000000000000004,1111,1.0970297029702971
0.5,0.30000000000000004,1112,1.135313531353135
0.5,0.30000000000000004,1113,1.074917491749175
0.5,0.30000000000000004,1114,1.2346534653465346
0.5,0.30000000000000004,1115,1.1696369636963697
0.5,0.30000000000000004,1116,1.1214521452145216
0.5,0.30000000000000004,1117,1.152145214521452
0.5,0.30000000000000004,1118,1.1320132013201323
0.5,0.30000000000000004,1119,1.133993399339934
0.5,0.30000000000000004,1120,1.164026402640264
0.5,0.30000000000000004,1121,1.1544554455445541
0.5,0.30000000000000004,1122,1.082178217821782
0.5,0.30000000000000004,1123,1.1808580858085809
0.5,0.30000000000000004,1124,1.228052805280528
0.5,0.30000000000000004,1125,1.1772277227722774
0.5,0.30000000000000004,1126,1.1099009900990098
0.5,0.30000000000000004,1127,1.2745874587458745
0.5,0.30000000000000004,1128,1.1544554455445544
0.5,0.30000000000000004,1129,1.2330033003300331
0.5,0.30000000000000004,1130,1.1155115511551157
0.5,0.30000000000000004,1131,1.2471947194719473
0.5,0.30000000000000004,1132,1.1273927392739271
0.5,0.30000000000000004,1133,1.1990099009900992
0.5,0.30000000000000004,1134,1.2085808580858086
0.5,0.30000000000000004,1135,1.1960396039603962
0.5,0.30000000000000004,1136,1.1808580858085806
0.5,0.30000000000000004,1137,1.1574257425742573
0.5,0.30000000000000004,1138,1.139273927392739
0.5,0.30000000000000004,1139,1.0854785478547855
0.5,0.30000000000000004,1140,1.0765676567656768
0.5,0.30000000000000004,1141,1.0795379537953798
0.5,0.30000000000000004,1142,1.14983498349835
0.5,0.30000000000000004,1143,1.1231023102310231
0.5,0.30000000000000004,1144,1.2372937293729374
0.5,0.30000000000000004,1145,1.1772277227722774
0.5,0.30000000000000004,1146,1.148844884488449
0.5,0.30000000000000004,1147,1.173927392739274
0.5,0.30000000000000004,1148,1.1864686468646863
0.5,0.30000000000000004,1149,1.1729372937293732
0.5,0.30000000000000004,1150,1.2320132013201321
0.5,0.30000000000000004,1151,1.103960396039604
0.5,0.30000000000000004,1152,1.1785478547854789
0.5,0.30000000000000004,1153,1.0881188118811884
0.5,0.30000000000000004,1154,1.1518151815181519
0.5,0.30000000000000004,1155,1.23003300330033
0.5,0.30000000000000004,1156,1.214191419141914
0.5,0.30000000000000004,1157,1.1346534653465348
0.5,0.30000000000000004,1158,1.1422442244224424
0.5,0.30000000000000004,1159,1.1204620462046204
0.5,0.30000000000000004,1160,1.2052805280528052
0.5,0.30000000000000004,1161,1.1534653465346534
0.5,0.30000000000000004,1162,1.2188118811881188
0.5,0.30000000000000004,1163,1.2372937293729371
0.5,0.30000000000000004,1164,1.1316831683168316
0.5,0.30000000000000004,1165,1.0448844884488449
0.5,0.30000000000000004,1166,1.191089108910891
0.5,0.30000000000000004,1167,1.1894389438943898
0.5,0.30000000000000004,1168,1.1194719471947192
0.5,0.30000000000000004,1169,1.090759075907591
0.5,0.30000000000000004,1170,1.1801980198019806
0.5,0.30000000000000004,1171,1.257755775577558
0.5,0.30000000000000004,1172,1.1983498349834982
0.5,0.30000000000000004,1173,1.2861386138613862
0.5,0.30000000000000004,1174,1.2828382838283827
0.5,0.30000000000000004,1175,1.1165016501650167
0.5,0.30000000000000004,1176,1.137953795379538
0.5,0.30000000000000004,1177,1.271287128712871
0.5,0.30000000000000004,1178,1.0884488448844885
0.5,0.30000000000000004,1179,1.1782178217821782
0.5,0.30000000000000004,1180,1.1772277227722772
0.5,0.30000000000000004,1181,1.1656765676567655
0.5,0.30000000000000004,1182,1.1462046204620464
0.5,0.30000000000000004,1183,1.1927392739273928
0.5,0.30000000000000004,1184,1.13003300330033
0.5,0.30000000000000004,1185,1.176897689768977
0.5,0.30000000000000004,1186,1.156105610561056
0.5,0.30000000000000004,1187,1.1683168316831682
0.5,0.30000000000000004,1188,1.177887788778878
0.5,0.30000000000000004,1189,1.2485148514851485
0.5,0.30000000000000004,1190,1.1877887788778878
0.5,0.30000000000000004,1191,1.1970297029702972
0.5,0.30000000000000004,1192,1.1716171617161717
0.5,0.30000000000000004,1193,1.2174917491749175
0.5,0.30000000000000004,1194,1.198019801980198
0.5,0.30000000000000004,1195,1.0980198019801979
0.5,0.30000000000000004,1196,1.2570957095709572
0.5,0.30000000000000004,1197,1.1848184818481846
0.5,0.30000000000000004,1198,1.1821782178217821
0.5,0.30000000000000004,1199,1.2102310231023103
0.5,0.4,1200,0.9277227722772277
0.5,0.4,1201,0.8977722772277228
0.5,0.4,1202,0.7806930693069308
0.5,0.4,1203,0.8128712871287128
0.5,0.4,1204,0.8537128712871287
0.5,0.4,1205,0.849009900990099
0.5,0.4,1206,0.8175742574257427
0.5,0.4,1207,0.836138613861386
0.5,0.4,1208,0.8841584158415842
0.5,0.4,1209,0.8452970297029702
0.5,0.4,1210,0.9019801980198019
0.5,0.4,1211,0.8841584158415842
0.5,0.4,1212,0.8710396039603961
0.5,0.4,1213,0.8769801980198019
0.5,0.4,1214,0.8826732673267326
0.5,0.4,1215,0.8165841584158415
0.5,0.4,1216,0.8524752475247522
0.5,0.4,1217,0.8673267326732671
0.5,0.4,1218,0.8118811881188119
0.5,0.4,1219,0.8415841584158418
0.5,0.4,1220,0.8368811881188118
0.5,0.4,1221,0.8284653465346535
0.5,0.4,1222,0.8346534653465346
0.5,0.4,1223,0.8735148514851485
0.5,0.4,1224,0.8452970297029703
0.5,0.4,1225,0.8438118811881189
0.5,0.4,1226,0.9185643564356435
0.5,0.4,1227,0.8809405940594062
0.5,0.4,1228,0.8512376237623762
0.5,0.4,1229,0.9042079207920793
0.5,0.4,1230,0.862871287128713
0.5,0.4,1231,0.8566831683168316
0.5,0.4,1232,0.8811881188118812
0.5,0.4,1233,0.8992574257425743
0.5,0.4,1234,0.8358910891089112
0.5,0.4,1235,0.8292079207920791
0.5,0.4,1236,0.8811881188118812
0.5,0.4,1237,0.8811881188118812
0.5,0.4,1238,0.8319306930693069
0.5,0.4,1239,0.834158415841584
0.5,0.4,1240,0.864108910891089
0.5,0.4,1241,0.8143564356435643
0.5,0.4,1242,0.9106435643564357
0.5,0.4,1243,0.9257425742574259
0.5,0.4,1244,0.8836633663366336
0.5,0.4,1245,0.8462871287128714
0.5,0.4,1246,0.885148514851485
0.5,0.4,1247,0.8537128712871288
0.5,0.4,1248,0.8069306930693071
0.5,0.4,1249,0.8017326732673266
0.5,0.4,1250,0.8373762376237622
0.5,0.4,1251,0.9400990099009899
0.5,0.4,1252,0.831930693069307
0.5,0.4,1253,0.826980198019802
0.5,0.4,1254,0.8685643564356437
0.5,0.4,1255,0.8876237623762376
0.5,0.4,1256,0.8836633663366337
0.5,0.4,1257,0.903217821782178
0.5,0.4,1258,0.8920792079207922
0.5,0.4,1259,0.7962871287128712
0.5,0.4,1260,0.8844059405940593
0.5,0.4,1261,0.9141089108910891
0.5,0.4,1262,0.863861386138614
0.5,0.4,1263,0.8633663366336634
0.5,0.4,1264,0.8589108910891088
0.5,0.4,1265,0.8356435643564357
0.5,0.4,1266,0.8608910891089112
0.5,0.4,1267,0.8433168316831684
0.5,0.4,1268,0.8596534653465345
0.5,0.4,1269,0.9128712871287129
0.5,0.4,1270,0.8497524752475246
0.5,0.4,1271,0.8522277227722774
0.5,0.4,1272,0.864108910891089
0.5,0.4,1273,0.8475247524752477
0.5,0.4,1274,0.8289603960396041
0.5,0.4,1275,0.8101485148514851
0.5,0.4,1276,0.8106435643564358
0.5,0.4,1277,0.8915841584158416
0.5,0.4,1278,0.7873762376237624
0.5,0.4,1279,0.8611386138613861
0.5,0.4,1280,0.9138613861386138
0.5,0.4,1281,0.8094059405940596
0.5,0.4,1282,0.88490099009901
0.5,0.4,1283,0.8116336633663367
0.5,0.4,1284,0.9002475247524753
0.5,0.4,1285,0.863861386138614
0.5,0.4,1286,0.8455445544554454
0.5,0.4,1287,0.8638613861386139
0.5,0.4,1288,0.8777227722772276
0.5,0.4,1289,0.8532178217821782
0.5,0.4,1290,0.8113861386138614
0.5,0.4,1291,0.8603960396039602
0.5,0.4,1292,0.930940594059406
0.5,0.4,1293,0.9623762376237622
0.5,0.4,1294,0.8544554455445543
0.5,0.4,1295,0.8237623762376236
0.5,0.4,1296,0.8970297029702972
0.5,0.4,1297,0.9217821782178217
0.5,0.4,1298,0.8633663366336634
0.5,0.4,1299,0.9054455445544555
0.5,0.5,1300,0.632871287128713
0.5,0.5,1301,0.6740594059405942
0.5,0.5,1302,0.7314851485148512
0.5,0.5,1303,0.667128712871287
0.5,0.5,1304,0.6417821782178219
0.5,0.5,1305,0.6623762376237624
0.5,0.5,1306,0.6855445544554455
0.5,0.5,1307,0.6027722772277228
0.5,0.5,1308,0.6621782178217824
0.5,0.5,1309,0.6732673267326731
0.5,0.5,1310,0.6615841584158415
0.5,0.5,1311,0.6601980198019801
0.5,0.5,1312,0.6578217821782179
0.5,0.5,1313,0.6893069306930693
0.5,0.5,1314,0.6948514851485149
0.5,0.5,1315,0.6934653465346534
0.5,0.5,1316,0.6475247524752475
0.5,0.5,1317,0.6182178217821782
0.5,0.5,1318,0.671881188118812
0.5,0.5,1319,0.7023762376237622
0.5,0.5,1320,0.6497029702970297
0.5,0.5,1321,0.7217821782178219
0.5,0.5,1322,0.7475247524752474
0.5,0.5,1323,0.6097029702970298
0.5,0.5,1324,0.6924752475247524
0.5,0.5,1325,0.7411881188118813
0.5,0.5,1326,0.7023762376237624
0.5,0.5,1327,0.6732673267326733
0.5,0.5,1328,0.6760396039603962
0.5,0.5,1329,0.6332673267326732
0.5,0.5,1330,0.6398019801980198
0.5,0.5,1331,0.6592079207920792
0.5,0.5,1332,0.669108910891089
0.5,0.5,1333,0.6992079207920793
0.5,0.5,1334,0.6231683168316833
0.5,0.5,1335,0.6986138613861385
0.5,0.5,1336,0.6594059405940594
0.5,0.5,1337,0.6912871287128712
0.5,0.5,1338,0.6554455445544555
0.5,0.5,1339,0.6629702970297029
0.5,0.5,1340,0.6247524752475246
0.5,0.5,1341,0.6526732673267327
0.5,0.5,1342,0.6916831683168316
0.5,0.5,1343,0.6687128712871288
0.5,0.5,1344,0.7049504950495047
0.5,0.5,1345,0.6568316831683169
0.5,0.5,1346,0.6946534653465345
0.5,0.5,1347,0.6928712871287129
0.5,0.5,1348,0.6839603960396038
0.5,0.5,1349,0.6805940594059406
0.5,0.5,1350,0.6774257425742575
0.5,0.5,1351,0.7257425742574257
0.5,0.5,1352,0.614059405940594
0.5,0.5,1353,0.6673267326732673
0.5,0.5,1354,0.6986138613861387
0.5,0.5,1355,0.6980198019801979
0.5,0.5,1356,0.6510891089108913
0.5,0.5,1357,0.7069306930693067
0.5,0.5,1358,0.6920792079207922
0.5,0.5,1359,0.6407920792079208
0.5,0.5,1360,0.7192079207920792
0.5,0.5,1361,0.6526732673267328
0.5,0.5,1362,0.7000000000000001
0.5,0.5,1363,0.7609900990099011
0.5,0.5,1364,0.6702970297029702
0.5,0.5,1365,0.6483168316831682
0.5,0.5,1366,0.6639603960396039
0.5,0.5,1367,0.6831683168316832
0.5,0.5,1368,0.6386138613861386
0.5,0.5,1369,0.6506930693069308
0.5,0.5,1370,0.6904950495049506
0.5,0.5,1371,0.7192079207920794
0.5,0.5,1372,0.6798019801980197
0.5,0.5,1373,0.7203960396039605
0.5,0.5,1374,0.6495049504950496
0.5,0.5,1375,0.6794059405940595
0.5,0.5,1376,0.72
0.5,0.5,1377,0.6780198019801981
0.5,0.5,1378,0.6532673267326732
0.5,0.5,1379,0.6809900990099008
0.5,0.5,1380,0.680990099009901
0.5,0.5,1381,0.6815841584158416
0.5,0.5,1382,0.6592079207920792
0.5,0.5,1383,0.6900990099009904
0.5,0.5,1384,0.60990099009901
0.5,0.5,1385,0.6764356435643563
0.5,0.5,1386,0.6714851485148514
0.5,0.5,1387,0.7011881188118811
0.5,0.5,1388,0.7283168316831683
0.5,0.5,1389,0.684950495049505
0.5,0.5,1390,0.6956435643564357
0.5,0.5,1391,0.6851485148514852
0.5,0.5,1392,0.6489108910891088
0.5,0.5,1393,0.6817821782178217
0.5,0.5,1394,0.6600000000000001
0.5,0.5,1395,0.6510891089108911
0.5,0.5,1396,0.6999999999999998
0.5,0.5,1397,0.659009900990099
0.5,0.5,1398,0.6564356435643564
0.5,0.5,1399,0.6314851485148515
0.5,0.6,1400,0.5034653465346534
0.5,0.6,1401,0.5584158415841585
0.5,0.6,1402,0.5387788778877888
0.5,0.6,1403,0.5173267326732672
0.5,0.6,1404,0.5755775577557756
0.5,0.6,1405,0.5374587458745874
0.5,0.6,1406,0.5511551155115512
0.5,0.6,1407,0.5585808580858086
0.5,0.6,1408,0.5361386138613862
0.5,0.6,1409,0.5818481848184819
0.5,0.6,1410,0.5226072607260726
0.5,0.6,1411,0.5188118811881188
0.5,0.6,1412,0.5275577557755777
0.5,0.6,1413,0.5957095709570959
0.5,0.6,1414,0.5514851485148515
0.5,0.6,1415,0.5668316831683168
0.5,0.6,1416,0.5452145214521452
0.5,0.6,1417,0.5277227722772277
0.5,0.6,1418,0.5447194719471947
0.5,0.6,1419,0.5440594059405941
0.5,0.6,1420,0.5198019801980197
0.5,0.6,1421,0.514851485148515
0.5,0.6,1422,0.5006600660066007
0.5,0.6,1423,0.5448844884488449
0.5,0.6,1424,0.5331683168316832
0.5,0.6,1425,0.5382838283828383
0.5,0.6,1426,0.524092409240924
0.5,0.6,1427,0.4915841584158416
0.5,0.6,1428,0.5422442244224421
0.5,0.6,1429,0.5732673267326732
0.5,0.6,1430,0.5311881188118811
0.5,0.6,1431,0.5138613861386138
0.5,0.6,1432,0.5443894389438944
0.5,0.6,1433,0.5866336633663366
0.5,0.6,1434,0.5478547854785479
0.5,0.6,1435,0.5011551155115511
0.5,0.6,1436,0.5419141914191419
0.5,0.6,1437,0.5204620462046204
0.5,0.6,1438,0.5211221122112211
0.5,0.6,1439,0.5438943894389437
0.5,0.6,1440,0.5579207920792079
0.5,0.6,1441,0.5262376237623761
0.5,0.6,1442,0.5382838283828383
0.5,0.6,1443,0.5803630363036304
0.5,0.6,1444,0.5460396039603961
0.5,0.6,1445,0.5503300330033003
0.5,0.6,1446,0.5874587458745875
0.5,0.6,1447,0.5244224422442245
0.5,0.6,1448,0.5415841584158416
0.5,0.6,1449,0.5523102310231024
0.5,0.6,1450,0.5861386138613861
0.5,0.6,1451,0.5881188118811881
0.5,0.6,1452,0.5537953795379538
0.5,0.6,1453,0.5636963696369637
0.5,0.6,1454,0.5503300330033003
0.5,0.6,1455,0.5244224422442244
0.5,0.6,1456,0.5636963696369637
0.5,0.6,1457,0.5095709570957095
0.5,0.6,1458,0.5486798679867987
0.5,0.6,1459,0.5678217821782177
0.5,0.6,1460,0.49999999999999994
0.5,0.6,1461,0.516996699669967
0.5,0.6,1462,0.552970297029703
0.5,0.6,1463,0.5349834983498349
0.5,0.6,1464,0.523102310231023
0.5,0.6,1465,0.533993399339934
0.5,0.6,1466,0.5070957095709571
0.5,0.6,1467,0.5115511551155115
0.5,0.6,1468,0.5557755775577559
0.5,0.6,1469,0.5648514851485148
0.5,0.6,1470,0.5437293729372937
0.5,0.6,1471,0.567986798679868
0.5,0.6,1472,0.5108910891089108
0.5,0.6,1473,0.551980198019802
0.5,0.6,1474,0.5523102310231024
0.5,0.6,1475,0.5028052805280527
0.5,0.6,1476,0.5097359735973598
0.5,0.6,1477,0.5264026402640264
0.5,0.6,1478,0.5272277227722771
0.5,0.6,1479,0.5204620462046204
0.5,0.6,1480,0.525082508250825
0.5,0.6,1481,0.5622112211221121
0.5,0.6,1482,0.5744224422442243
0.5,0.6,1483,0.5612211221122113
0.5,0.6,1484,0.5537953795379539
0.5,0.6,1485,0.5283828382838284
0.5,0.6,1486,0.5597359735973597
0.5,0.6,1487,0.5744224422442245
0.5,0.6,1488,0.5567656765676567
0.5,0.6,1489,0.5301980198019802
0.5,0.6,1490,0.5495049504950495
0.5,0.6,1491,0.5684818481848185
0.5,0.6,1492,0.512046204620462
0.5,0.6,1493,0.5483498349834983
0.5,0.6,1494,0.5336633663366337
0.5,0.6,1495,0.5031353135313531
0.5,0.6,1496,0.5409240924092409
0.5,0.6,1497,0.572937293729373
0.5,0.6,1498,0.528877887788779
0.5,0.6,1499,0.5533003300330033
0.5,0.7000000000000001,1500,0.4700141442715701
0.5,0.7000000000000001,1501,0.45601131541725604
0.5,0.7000000000000001,1502,0.44992927864215
0.5,0.7000000000000001,1503,0.4595473833097595
0.5,0.7000000000000001,1504,0.4582743988684583
0.5,0.7000000000000001,1505,0.43988684582744
0.5,0.7000000000000001,1506,0.47835926449787847
0.5,0.7000000000000001,1507,0.4790664780763791
0.5,0.7000000000000001,1508,0.41032531824611035
0.5,0.7000000000000001,1509,0.4350777934936351
0.5,0.7000000000000001,1510,0.4545968882602548
0.5,0.7000000000000001,1511,0.4079207920792079
0.5,0.7000000000000001,1512,0.44639321074964633
0.5,0.7000000000000001,1513,0.4748231966053748
0.5,0.7000000000000001,1514,0.46845827439886834
0.5,0.7000000000000001,1515,0.45063649222065055
0.5,0.7000000000000001,1516,0.4424328147100425
0.5,0.7000000000000001,1517,0.4261669024045262
0.5,0.7000000000000001,1518,0.4326732673267326
0.5,0.7000000000000001,1519,0.46152758132956145
0.5,0.7000000000000001,1520,0.47807637906647804
0.5,0.7000000000000001,1521,0.4408769448373409
0.5,0.7000000000000001,1522,0.4155586987270155
0.5,0.7000000000000001,1523,0.4338048090523337
0.5,0.7000000000000001,1524,0.4302687411598303
0.5,0.7000000000000001,1525,0.4584158415841584
0.5,0.7000000000000001,1526,0.4048090523338048
0.5,0.7000000000000001,1527,0.4639321074964639
0.5,0.7000000000000001,1528,0.42998585572842996
0.5,0.7000000000000001,1529,0.4151343705799151
0.5,0.7000000000000001,1530,0.44625176803394623
0.5,0.7000000000000001,1531,0.4387553041018387
0.5,0.7000000000000001,1532,0.4738330975954739
0.5,0.7000000000000001,1533,0.4429985855728431
0.5,0.7000000000000001,1534,0.4292786421499292
0.5,0.7000000000000001,1535,0.44214992927864216
0.5,0.7000000000000001,1536,0.42956152758132965
0.5,0.7000000000000001,1537,0.4721357850070721
0.5,0.7000000000000001,1538,0.428854314002829
0.5,0.7000000000000001,1539,0.4471004243281471
0.5,0.7000000000000001,1540,0.40056577086280054
0.5,0.7000000000000001,1541,0.4544554455445544
0.5,0.7000000000000001,1542,0.4659123055162659
0.5,0.7000000000000001,1543,0.441018387553041
0.5,0.7000000000000001,1544,0.41301272984441295
0.5,0.7000000000000001,1545,0.42291371994342297
0.5,0.7000000000000001,1546,0.4442715700141443
0.5,0.7000000000000001,1547,0.46732673267326735
0.5,0.7000000000000001,1548,0.4024045261669023
0.5,0.7000000000000001,1549,0.4807637906647808
0.5,0.7000000000000001,1550,0.4677510608203679
0.5,0.7000000000000001,1551,0.46704384724186704
0.5,0.7000000000000001,1552,0.4486562942008487
0.5,0.7000000000000001,1553,0.4813295615275813
0.5,0.7000000000000001,1554,0.4476661951909477
0.5,0.7000000000000001,1555,0.4562942008486564
0.5,0.7000000000000001,1556,0.43394625176803386
0.5,0.7000000000000001,1557,0.45968882602545963
0.5,0.7000000000000001,1558,0.42956152758132965
0.5,0.7000000000000001,1559,0.44469589816124483
0.5,0.7000000000000001,1560,0.4323903818953323
0.5,0.7000000000000001,1561,0.42149929278642145
0.5,0.7000000000000001,1562,0.4466760961810466
0.5,0.7000000000000001,1563,0.4111739745403111
0.5,0.7000000000000001,1564,0.4536067892503536
0.5,0.7000000000000001,1565,0.47256011315417257
0.5,0.7000000000000001,1566,0.42461103253182464
0.5,0.7000000000000001,1567,0.4425742574257426
0.5,0.7000000000000001,1568,0.47468175388967476
0.5,0.7000000000000001,1569,0.4633663366336634
0.5,0.7000000000000001,1570,0.46011315417256016
0.5,0.7000000000000001,1571,0.47567185289957575
0.5,0.7000000000000001,1572,0.421923620933522
0.5,0.7000000000000001,1573,0.40933521923620925
0.5,0.7000000000000001,1574,0.45586987270155593
0.5,0.7000000000000001,1575,0.45077793493635065
0.5,0.7000000000000001,1576,0.4801980198019802
0.5,0.7000000000000001,1577,0.43012729844413006
0.5,0.7000000000000001,1578,0.4543140028288543
0.5,0.7000000000000001,1579,0.47793493635077794
0.5,0.7000000000000001,1580,0.42164073550212167
0.5,0.7000000000000001,1581,0.43889674681753893
0.5,0.7000000000000001,1582,0.4647807637906648
0.5,0.7000000000000001,1583,0.4021216407355021
0.5,0.7000000000000001,1584,0.4776520509193777
0.5,0.7000000000000001,1585,0.4333804809052334
0.5,0.7000000000000001,1586,0.4572842998585572
0.5,0.7000000000000001,1587,0.40198019801980195
0.5,0.7000000000000001,1588,0.406082036775106
0.5,0.7000000000000001,1589,0.4734087694483735
0.5,0.7000000000000001,1590,0.42885431400282886
0.5,0.7000000000000001,1591,0.46676096181046683
0.5,0.7000000000000001,1592,0.4408769448373409
0.5,0.7000000000000001,1593,0.4946251768033947
0.5,0.7000000000000001,1594,0.44115983026874106
0.5,0.7000000000000001,1595,0.43889674681753893
0.5,0.7000000000000001,1596,0.4527581329561527
0.5,0.7000000000000001,1597,0.4315417256011316
0.5,0.7000000000000001,1598,0.41131541725601134
0.5,0.7000000000000001,1599,0.4884016973125884
0.5,0.8,1600,0.3866336633663366
0.5,0.8,1601,0.3398514851485148
0.5,0.8,1602,0.3891089108910892
0.5,0.8,1603,0.3763613861386138
0.5,0.8,1604,0.35680693069306935
0.5,0.8,1605,0.3539603960396039
0.5,0.8,1606,0.41930693069306935
0.5,0.8,1607,0.3706683168316832
0.5,0.8,1608,0.34071782178217824
0.5,0.8,1609,0.3680693069306931
0.5,0.8,1610,0.3735148514851485
0.5,0.8,1611,0.39950495049504964
0.5,0.8,1612,0.40556930693069315
0.5,0.8,1613,0.4121287128712871
0.5,0.8,1614,0.38267326732673257
0.5,0.8,1615,0.349009900990099
0.5,0.8,1616,0.36324257425742573
0.5,0.8,1617,0.36126237623762386
0.5,0.8,1618,0.35470297029702974
0.5,0.8,1619,0.39294554455445546
0.5,0.8,1620,0.3621287128712872
0.5,0.8,1621,0.3076732673267327
0.5,0.8,1622,0.3844059405940594
0.5,0.8,1623,0.3668316831683168
0.5,0.8,1624,0.4149752475247525
0.5,0.8,1625,0.3502475247524752
0.5,0.8,1626,0.3808168316831684
0.5,0.8,1627,0.34467821782178226
0.5,0.8,1628,0.37029702970297035
0.5,0.8,1629,0.36076732673267325
0.5,0.8,1630,0.37339108910891095
0.5,0.8,1631,0.38836633663366343
0.5,0.8,1632,0.42042079207920796
0.5,0.8,1633,0.3681930693069306
0.5,0.8,1634,0.35754950495049503
0.5,0.8,1635,0.36460396039603965
0.5,0.8,1636,0.3721534653465347
0.5,0.8,1637,0.37871287128712866
0.5,0.8,1638,0.38886138613861393
0.5,0.8,1639,0.3957920792079208
0.5,0.8,1640,0.34839108910891087
0.5,0.8,1641,0.38131188118811893
0.5,0.8,1642,0.3844059405940594
0.5,0.8,1643,0.3370049504950495
0.5,0.8,1644,0.3900990099009901
0.5,0.8,1645,0.34108910891089106
0.5,0.8,1646,0.37549504950495044
0.5,0.8,1647,0.39158415841584154
0.5,0.8,1648,0.38465346534653466
0.5,0.8,1649,0.3978960396039604
0.5,0.8,1650,0.3778465346534653
0.5,0.8,1651,0.37995049504950495
0.5,0.8,1652,0.41905940594059415
0.5,0.8,1653,0.37079207920792084
0.5,0.8,1654,0.3909653465346534
0.5,0.8,1655,0.3693069306930694
0.5,0.8,1656,0.38811881188118824
0.5,0.8,1657,0.39876237623762384
0.5,0.8,1658,0.38019801980198026
0.5,0.8,1659,0.41089108910891087
0.5,0.8,1660,0.3540841584158416
0.5,0.8,1661,0.3413366336633664
0.5,0.8,1662,0.37153465346534653
0.5,0.8,1663,0.37388613861386144
0.5,0.8,1664,0.3808168316831682
0.5,0.8,1665,0.3867574257425742
0.5,0.8,1666,0.3625
0.5,0.8,1667,0.39517326732673264
0.5,0.8,1668,0.3837871287128713
0.5,0.8,1669,0.3893564356435643
0.5,0.8,1670,0.3196782178217822
0.5,0.8,1671,0.3304455445544555
0.5,0.8,1672,0.36497524752475247
0.5,0.8,1673,0.3457920792079209
0.5,0.8,1674,0.35111386138613854
0.5,0.8,1675,0.35915841584158414
0.5,0.8,1676,0.3867574257425742
0.5,0.8,1677,0.3706683168316831
0.5,0.8,1678,0.37759900990099005
0.5,0.8,1679,0.36472772277227705
0.5,0.8,1680,0.39183168316831674
0.5,0.8,1681,0.36138613861386143
0.5,0.8,1682,0.3496287128712872
0.5,0.8,1683,0.3995049504950495
0.5,0.8,1684,0.33997524752475244
0.5,0.8,1685,0.35742574257425735
0.5,0.8,1686,0.3899752475247525
0.5,0.8,1687,0.40321782178217824
0.5,0.8,1688,0.3857673267326734
0.5,0.8,1689,0.3382425742574257
0.5,0.8,1690,0.4176980198019802
0.5,0.8,1691,0.36497524752475236
0.5,0.8,1692,0.38465346534653455
0.5,0.8,1693,0.4178217821782178
0.5,0.8,1694,0.3879950495049505
0.5,0.8,1695,0.3628712871287129
0.5,0.8,1696,0.35507425742574256
0.5,0.8,1697,0.3907178217821781
0.5,0.8,1698,0.38044554455445534
0.5,0.8,1699,0.3922029702970297
0.5,0.9,1700,0.32255225522552244
0.5,0.9,1701,0.3271727172717271
0.5,0.9,1702,0.31210121012101205
0.5,0.9,1703,0.2817381738173817
0.5,0.9,1704,0.30572057205720565
0.5,0.9,1705,0.2950495049504951
0.5,0.9,1706,0.32706270627062706
0.5,0.9,1707,0.3243124312431243
0.5,0.9,1708,0.30209020902090206
0.5,0.9,1709,0.31617161716171616
0.5,0.9,1710,0.3231023102310231
0.5,0.9,1711,0.30627062706270625
0.5,0.9,1712,0.3145214521452145
0.5,0.9,1713,0.32860286028602853
0.5,0.9,1714,0.362046204620462
0.5,0.9,1715,0.32288228822882287
0.5,0.9,1716,0.3005500550055005
0.5,0.9,1717,0.3396039603960396
0.5,0.9,1718,0.30979097909790976
0.5,0.9,1719,0.3251925192519252
0.5,0.9,1720,0.35786578657865775
0.5,0.9,1721,0.332013201320132
0.5,0.9,1722,0.3304730473047304
0.5,0.9,1723,0.3190319031903191
0.5,0.9,1724,0.32585258525852595
0.5,0.9,1725,0.3145214521452145
0.5,0.9,1726,0.3696369636963697
0.5,0.9,1727,0.30726072607260724
0.5,0.9,1728,0.31606160616061607
0.5,0.9,1729,0.3432343234323431
0.5,0.9,1730,0.3272827282728273
0.5,0.9,1731,0.33344334433443334
0.5,0.9,1732,0.30088008800880084
0.5,0.9,1733,0.3492849284928493
0.5,0.9,1734,0.3508250825082508
0.5,0.9,1735,0.3336633663366336
0.5,0.9,1736,0.3286028602860286
0.5,0.9,1737,0.30429042904290426
0.5,0.9,1738,0.31353135313531355
0.5,0.9,1739,0.29933993399339937
0.5,0.9,1740,0.3179317931793179
0.5,0.9,1741,0.33003300330033
0.5,0.9,1742,0.31023102310231027
0.5,0.9,1743,0.34290429042904297
0.5,0.9,1744,0.31848184818481845
0.5,0.9,1745,0.33894389438943895
0.5,0.9,1746,0.3268426842684268
0.5,0.9,1747,0.32728272827282723
0.5,0.9,1748,0.3067106710671067
0.5,0.9,1749,0.28756875687568756
0.5,0.9,1750,0.36721672167216723
0.5,0.9,1751,0.29493949394939495
0.5,0.9,1752,0.3594059405940594
0.5,0.9,1753,0.3030803080308031
0.5,0.9,1754,0.3042904290429043
0.5,0.9,1755,0.3221122112211221
0.5,0.9,1756,0.33729372937293733
0.5,0.9,1757,0.32508250825082513
0.5,0.9,1758,0.29955995599559954
0.5,0.9,1759,0.31012101210121007
0.5,0.9,1760,0.32937293729372935
0.5,0.9,1761,0.32299229922992295
0.5,0.9,1762,0.3358635863586357
0.5,0.9,1763,0.3141914191419142
0.5,0.9,1764,0.32728272827282723
0.5,0.9,1765,0.31331133113311327
0.5,0.9,1766,0.31199119911991197
0.5,0.9,1767,0.2883388338833884
0.5,0.9,1768,0.3092409240924093
0.5,0.9,1769,0.36226622662266234
0.5,0.9,1770,0.3086908690869087
0.5,0.9,1771,0.31496149614961494
0.5,0.9,1772,0.33377337733773377
0.5,0.9,1773,0.29823982398239823
0.5,0.9,1774,0.3518151815181518
0.5,0.9,1775,0.3467546754675468
0.5,0.9,1776,0.2962596259625962
0.5,0.9,1777,0.3452145214521452
0.5,0.9,1778,0.3268426842684269
0.5,0.9,1779,0.3397139713971397
0.5,0.9,1780,0.31529152915291525
0.5,0.9,1781,0.32288228822882287
0.5,0.9,1782,0.33597359735973603
0.5,0.9,1783,0.3304730473047305
0.5,0.9,1784,0.2761276127612761
0.5,0.9,1785,0.33201320132013207
0.5,0.9,1786,0.3291529152915291
0.5,0.9,1787,0.3227722772277227
0.5,0.9,1788,0.2817381738173817
0.5,0.9,1789,0.290979097909791
0.5,0.9,1790,0.29713971397139716
0.5,0.9,1791,0.30825082508250823
0.5,0.9,1792,0.32739273927392737
0.5,0.9,1793,0.32959295929592963
0.5,0.9,1794,0.3471947194719473
0.5,0.9,1795,0.318041804180418
0.5,0.9,1796,0.31518151815181517
0.5,0.9,1797,0.37337733773377335
0.5,0.9,1798,0.33355335533553354
0.5,0.9,1799,0.32904290429042904
0.7,0.1,1800,2.0980198019801986
0.7,0.1,1801,2.28019801980198
0.7,0.1,1802,2.069306930693069
0.7,0.1,1803,1.9386138613861388
0.7,0.1,1804,2.7851485148514854
0.7,0.1,1805,1.8435643564356436
0.7,0.1,1806,2.2099009900990096
0.7,0.1,1807,2.016831683168317
0.7,0.1,1808,1.9257425742574257
0.7,0.1,1809,2.108910891089109
0.7,0.1,1810,2.0029702970297034
0.7,0.1,1811,2.3633663366336632
0.7,0.1,1812,2.294059405940594
0.7,0.1,1813,3.626732673267327
0.7,0.1,1814,1.7415841584158414
0.7,0.1,1815,3.089108910891089
0.7,0.1,1816,2.44059405940594
0.7,0.1,1817,1.8623762376237623
0.7,0.1,1818,2.7485148514851487
0.7,0.1,1819,1.9990099009900988
0.7,0.1,1820,2.0207920792079204
0.7,0.1,1821,2.1782178217821784
0.7,0.1,1822,2.1683168316831685
0.7,0.1,1823,1.8782178217821783
0.7,0.1,1824,2.394059405940594
0.7,0.1,1825,1.922772277227723
0.7,0.1,1826,1.9841584158415841
0.7,0.1,1827,2.3960396039603964
0.7,0.1,1828,2.0881188118811886
0.7,0.1,1829,1.9702970297029705
0.7,0.1,1830,2.0306930693069303
0.7,0.1,1831,2.0584158415841585
0.7,0.1,1832,2.152475247524752
0.7,0.1,1833,1.6316831683168318
0.7,0.1,1834,1.40990099009901
0.7,0.1,1835,1.9623762376237623
0.7,0.1,1836,2.0277227722772277
0.7,0.1,1837,2.1693069306930695
0.7,0.1,1838,2.5910891089108916
0.7,0.1,1839,2.2910891089108913
0.7,0.1,1840,2.47029702970297
0.7,0.1,1841,2.3128712871287127
0.7,0.1,1842,1.6316831683168318
0.7,0.1,1843,2.3386138613861385
0.7,0.1,1844,2.2396039603960394
0.7,0.1,1845,1.847524752475247
0.7,0.1,1846,1.5178217821782178
0.7,0.1,1847,1.7277227722772277
0.7,0.1,1848,2.017821782178218
0.7,0.1,1849,2.395049504950495
0.7,0.1,1850,1.9861386138613861
0.7,0.1,1851,2.0663366336633664
0.7,0.1,1852,2.1118811881188124
0.7,0.1,1853,2.2534653465346532
0.7,0.1,1854,1.9831683168316836
0.7,0.1,1855,1.9207920792079212
0.7,0.1,1856,3.182178217821782
0.7,0.1,1857,1.8702970297029697
0.7,0.1,1858,2.334653465346534
0.7,0.1,1859,1.8475247524752478
0.7,0.1,1860,2.3970297029702974
0.7,0.1,1861,2.2079207920792077
0.7,0.1,1862,2.267326732673267
0.7,0.1,1863,2.1881188118811883
0.7,0.1,1864,1.8693069306930692
0.7,0.1,1865,2.3544554455445548
0.7,0.1,1866,2.124752475247525
0.7,0.1,1867,2.225742574257426
0.7,0.1,1868,2.3524752475247523
0.7,0.1,1869,2.553465346534653
0.7,0.1,1870,2.6
0.7,0.1,1871,2.3069306930693068
0.7,0.1,1872,1.8514851485148516
0.7,0.1,1873,2.377227722772277
0.7,0.1,1874,1.79009900990099
0.7,0.1,1875,2.0742574257425743
0.7,0.1,1876,2.262376237623762
0.7,0.1,1877,2.0693069306930694
0.7,0.1,1878,1.8871287128712868
0.7,0.1,1879,2.4000000000000004
0.7,0.1,1880,2.162376237623762
0.7,0.1,1881,2.7594059405940596
0.7,0.1,1882,2.3257425742574256
0.7,0.1,1883,2.181188118811881
0.7,0.1,1884,1.6792079207920791
0.7,0.1,1885,1.994059405940594
0.7,0.1,1886,3.7386138613861393
0.7,0.1,1887,2.053465346534653
0.7,0.1,1888,2.1643564356435645
0.7,0.1,1889,1.8168316831683164
0.7,0.1,1890,2.0514851485148515
0.7,0.1,1891,2.557425742574257
0.7,0.1,1892,2.1198019801980195
0.7,0.1,1893,2.2544554455445542
0.7,0.1,1894,2.014851485148515
0.7,0.1,1895,2.287128712871287
0.7,0.1,1896,2.3465346534653464
0.7,0.1,1897,2.098019801980198
0.7,0.1,1898,2.385148514851485
0.7,0.1,1899,1.995049504950495
0.7,0.2,1900,1.0138613861386139
0.7,0.2,1901,0.9653465346534655
0.7,0.2,1902,1.1113861386138615
0.7,0.2,1903,1.0841584158415842
0.7,0.2,1904,1.051980198019802
0.7,0.2,1905,1.0435643564356436
0.7,0.2,1906,1.1222772277227722
0.7,0.2,1907,1.1133663366336632
0.7,0.2,1908,1.0207920792079206
0.7,0.2,1909,1.1574257425742576
0.7,0.2,1910,0.9381188118811883
0.7,0.2,1911,0.9707920792079208
0.7,0.2,1912,1.154950495049505
0.7,0.2,1913,0.9806930693069303
0.7,0.2,1914,1.0301980198019802
0.7,0.2,1915,1.0816831683168318
0.7,0.2,1916,1.1504950495049504
0.7,0.2,1917,1.2188118811881188
0.7,0.2,1918,1.0886138613861387
0.7,0.2,1919,1.0594059405940597
0.7,0.2,1920,1.0653465346534652
0.7,0.2,1921,1.0252475247524753
0.7,0.2,1922,1.0678217821782179
0.7,0.2,1923,1.0094059405940594
0.7,0.2,1924,1.034158415841584
0.7,0.2,1925,0.9846534653465345
0.7,0.2,1926,1.0826732673267327
0.7,0.2,1927,1.0871287128712872
0.7,0.2,1928,1.042079207920792
0.7,0.2,1929,1.024257425742574
0.7,0.2,1930,1.02970297029703
0.7,0.2,1931,1.0044554455445542
0.7,0.2,1932,0.9772277227722771
0.7,0.2,1933,1.1306930693069308
0.7,0.2,1934,1.1034653465346533
0.7,0.2,1935,0.8712871287128714
0.7,0.2,1936,1.0391089108910894
0.7,0.2,1937,0.9866336633663367
0.7,0.2,1938,1.2044554455445544
0.7,0.2,1939,1.2034653465346534
0.7,0.2,1940,1.3009900990099008
0.7,0.2,1941,1.1059405940594058
0.7,0.2,1942,0.9712871287128715
0.7,0.2,1943,1.1064356435643565
0.7,0.2,1944,1.0722772277227723
0.7,0.2,1945,0.9722772277227723
0.7,0.2,1946,1.0123762376237624
0.7,0.2,1947,1.1658415841584158
0.7,0.2,1948,1.0282178217821782
0.7,0.2,1949,0.9727722772277227
0.7,0.2,1950,0.9767326732673266
0.7,0.2,1951,0.8975247524752475
0.7,0.2,1952,1.089108910891089
0.7,0.2,1953,1.1712871287128712
0.7,0.2,1954,1.0361386138613862
0.7,0.2,1955,1.0688118811881187
0.7,0.2,1956,1.1178217821782177
0.7,0.2,1957,0.9747524752475246
0.7,0.2,1958,1.0584158415841582
0.7,0.2,1959,1.162871287128713
0.7,0.2,1960,0.9579207920792079
0.7,0.2,1961,1.057920792079208
0.7,0.2,1962,1.0821782178217823
0.7,0.2,1963,1.1524752475247526
0.7,0.2,1964,0.8910891089108911
0.7,0.2,1965,0.9757425742574257
0.7,0.2,1966,1.168811881188119
0.7,0.2,1967,0.9544554455445544
0.7,0.2,1968,1.0227722772277228
0.7,0.2,1969,1.0227722772277228
0.7,0.2,1970,1.0910891089108912
0.7,0.2,1971,1.295049504950495
0.7,0.2,1972,1.0227722772277228
0.7,0.2,1973,1.1915841584158418
0.7,0.2,1974,0.9237623762376237
0.7,0.2,1975,1.0678217821782177
0.7,0.2,1976,0.944059405940594
0.7,0.2,1977,1.0925742574257424
0.7,0.2,1978,1.1178217821782177
0.7,0.2,1979,1.1861386138613863
0.7,0.2,1980,0.985148514851485
0.7,0.2,1981,0.9811881188118813
0.7,0.2,1982,1.05990099009901
0.7,0.2,1983,1.0688118811881189
0.7,0.2,1984,0.9589108910891091
0.7,0.2,1985,0.9554455445544554
0.7,0.2,1986,1.0277227722772277
0.7,0.2,1987,0.9222772277227721
0.7,0.2,1988,1.0999999999999999
0.7,0.2,1989,1.2564356435643564
0.7,0.2,1990,1.1336633663366336
0.7,0.2,1991,1.0044554455445542
0.7,0.2,1992,1.1470297029702972
0.7,0.2,1993,1.0841584158415842
0.7,0.2,1994,0.9925742574257425
0.7,0.2,1995,1.176732673267327
0.7,0.2,1996,1.056930693069307
0.7,0.2,1997,0.9534653465346534
0.7,0.2,1998,1.2094059405940594
0.7,0.2,1999,1.0801980198019805
0.7,0.30000000000000004,2000,0.7425742574257425
0.7,0.30000000000000004,2001,0.6293729372937293
0.7,0.30000000000000004,2002,0.6696369636963698
0.7,0.30000000000000004,2003,0.6732673267326734
0.7,0.30000000000000004,2004,0.6052805280528052
0.7,0.30000000000000004,2005,0.6343234323432342
0.7,0.30000000000000004,2006,0.636963696369637
0.7,0.30000000000000004,2007,0.6402640264026401
0.7,0.30000000000000004,2008,0.666006600660066
0.7,0.30000000000000004,2009,0.6465346534653466
0.7,0.30000000000000004,2010,0.682838283828383
0.7,0.30000000000000004,2011,0.6122112211221121
0.7,0.30000000000000004,2012,0.6198019801980199
0.7,0.30000000000000004,2013,0.6257425742574257
0.7,0.30000000000000004,2014,0.6900990099009902
0.7,0.30000000000000004,2015,0.5874587458745875
0.7,0.30000000000000004,2016,0.7495049504950494
0.7,0.30000000000000004,2017,0.6603960396039605
0.7,0.30000000000000004,2018,0.675907590759076
0.7,0.30000000000000004,2019,0.6957095709570955
0.7,0.30000000000000004,2020,0.6709570957095708
0.7,0.30000000000000004,2021,0.6808580858085811
0.7,0.30000000000000004,2022,0.6475247524752475
0.7,0.30000000000000004,2023,0.6874587458745876
0.7,0.30000000000000004,2024,0.7062706270627063
0.7,0.30000000000000004,2025,0.6828382838283829
0.7,0.30000000000000004,2026,0.6270627062706271
0.7,0.30000000000000004,2027,0.7181518151815183
0.7,0.30000000000000004,2028,0.7009900990099008
0.7,0.30000000000000004,2029,0.7610561056105608
0.7,0.30000000000000004,2030,0.7412541254125413
0.7,0.30000000000000004,2031,0.6917491749174917
0.7,0.30000000000000004,2032,0.6854785478547855
0.7,0.30000000000000004,2033,0.6452145214521451
0.7,0.30000000000000004,2034,0.6372937293729374
0.7,0.30000000000000004,2035,0.6716171617161717
0.7,0.30000000000000004,2036,0.7333333333333333
0.7,0.30000000000000004,2037,0.7003300330033002
0.7,0.30000000000000004,2038,0.7198019801980197
0.7,0.30000000000000004,2039,0.6293729372937295
0.7,0.30000000000000004,2040,0.6831683168316832
0.7,0.30000000000000004,2041,0.667986798679868
0.7,0.30000000000000004,2042,0.698019801980198
0.7,0.30000000000000004,2043,0.6429042904290428
0.7,0.30000000000000004,2044,0.6339933993399341
0.7,0.30000000000000004,2045,0.691089108910891
0.7,0.30000000000000004,2046,0.6772277227722774
0.7,0.30000000000000004,2047,0.7082508250825083
0.7,0.30000000000000004,2048,0.6491749174917493
0.7,0.30000000000000004,2049,0.6297029702970297
0.7,0.30000000000000004,2050,0.6082508250825083
0.7,0.30000000000000004,2051,0.6191419141914192
0.7,0.30000000000000004,2052,0.6425742574257426
0.7,0.30000000000000004,2053,0.6656765676567656
0.7,0.30000000000000004,2054,0.6706270627062705
0.7,0.30000000000000004,2055,0.6821782178217822
0.7,0.30000000000000004,2056,0.7029702970297029
0.7,0.30000000000000004,2057,0.6801980198019804
0.7,0.30000000000000004,2058,0.6950495049504951
0.7,0.30000000000000004,2059,0.656765676567657
0.7,0.30000000000000004,2060,0.6785478547854785
0.7,0.30000000000000004,2061,0.692079207920792
0.7,0.30000000000000004,2062,0.6158415841584158
0.7,0.30000000000000004,2063,0.6828382838283829
0.7,0.30000000000000004,2064,0.7267326732673266
0.7,0.30000000000000004,2065,0.6590759075907592
0.7,0.30000000000000004,2066,0.7514851485148517
0.7,0.30000000000000004,2067,0.7336633663366336
0.7,0.30000000000000004,2068,0.6399339933993399
0.7,0.30000000000000004,2069,0.6036303630363035
0.7,0.30000000000000004,2070,0.598019801980198
0.7,0.30000000000000004,2071,0.6557755775577556
0.7,0.30000000000000004,2072,0.648844884488449
0.7,0.30000000000000004,2073,0.6415841584158416
0.7,0.30000000000000004,2074,0.7768976897689767
0.7,0.30000000000000004,2075,0.6221122112211221
0.7,0.30000000000000004,2076,0.7666666666666667
0.7,0.30000000000000004,2077,0.6425742574257425
0.7,0.30000000000000004,2078,0.5940594059405941
0.7,0.30000000000000004,2079,0.6755775577557758
0.7,0.30000000000000004,2080,0.6953795379537954
0.7,0.30000000000000004,2081,0.7211221122112214
0.7,0.30000000000000004,2082,0.6900990099009898
0.7,0.30000000000000004,2083,0.6867986798679867
0.7,0.30000000000000004,2084,0.7112211221122113
0.7,0.30000000000000004,2085,0.7297029702970296
0.7,0.30000000000000004,2086,0.6811881188118811
0.7,0.30000000000000004,2087,0.6033003300330032
0.7,0.30000000000000004,2088,0.6478547854785479
0.7,0.30000000000000004,2089,0.6927392739273928
0.7,0.30000000000000004,2090,0.7207920792079208
0.7,0.30000000000000004,2091,0.6501650165016503
0.7,0.30000000000000004,2092,0.7330033003300331
0.7,0.30000000000000004,2093,0.7287128712871289
0.7,0.30000000000000004,2094,0.6333333333333333
0.7,0.30000000000000004,2095,0.6966996699669967
0.7,0.30000000000000004,2096,0.6825082508250827
0.7,0.30000000000000004,2097,0.7323432343234322
0.7,0.30000000000000004,2098,0.6541254125412542
0.7,0.30000000000000004,2099,0.6795379537953793
0.7,0.4,2100,0.4797029702970297
0.7,0.4,2101,0.4403465346534653
0.7,0.4,2102,0.45792079207920783
0.7,0.4,2103,0.456930693069307
0.7,0.4,2104,0.502970297029703
0.7,0.4,2105,0.45965346534653456
0.7,0.4,2106,0.5150990099009901
0.7,0.4,2107,0.45792079207920783
0.7,0.4,2108,0.5099009900990099
0.7,0.4,2109,0.4868811881188119
0.7,0.4,2110,0.4965346534653465
0.7,0.4,2111,0.4905940594059406
0.7,0.4,2112,0.46361386138613864
0.7,0.4,2113,0.42846534653465346
0.7,0.4,2114,0.4596534653465347
0.7,0.4,2115,0.4418316831683168
0.7,0.4,2116,0.4653465346534654
0.7,0.4,2117,0.47797029702970295
0.7,0.4,2118,0.5113861386138614
0.7,0.4,2119,0.4878712871287128
0.7,0.4,2120,0.46534653465346537
0.7,0.4,2121,0.4938118811881188
0.7,0.4,2122,0.45742574257425744
0.7,0.4,2123,0.5131188118811881
0.7,0.4,2124,0.4789603960396039
0.7,0.4,2125,0.47673267326732677
0.7,0.4,2126,0.4928217821782178
0.7,0.4,2127,0.5207920792079209
0.7,0.4,2128,0.4606435643564356
0.7,0.4,2129,0.4455445544554455
0.7,0.4,2130,0.5321782178217822
0.7,0.4,2131,0.4752475247524752
0.7,0.4,2132,0.4886138613861386
0.7,0.4,2133,0.5257425742574257
0.7,0.4,2134,0.44628712871287124
0.7,0.4,2135,0.5099009900990098
0.7,0.4,2136,0.48292079207920785
0.7,0.4,2137,0.49282178217821776
0.7,0.4,2138,0.4648514851485149
0.7,0.4,2139,0.47797029702970295
0.7,0.4,2140,0.48960396039603954
0.7,0.4,2141,0.4314356435643565
0.7,0.4,2142,0.5071782178217823
0.7,0.4,2143,0.4457920792079207
0.7,0.4,2144,0.525
0.7,0.4,2145,0.5079207920792079
0.7,0.4,2146,0.48267326732673277
0.7,0.4,2147,0.49950495049504956
0.7,0.4,2148,0.4955445544554456
0.7,0.4,2149,0.4396039603960395
0.7,0.4,2150,0.5014851485148515
0.7,0.4,2151,0.4358910891089109
0.7,0.4,2152,0.46509900990099007
0.7,0.4,2153,0.4908415841584158
0.7,0.4,2154,0.500990099009901
0.7,0.4,2155,0.47079207920792077
0.7,0.4,2156,0.43292079207920786
0.7,0.4,2157,0.48737623762376225
0.7,0.4,2158,0.4522277227722773
0.7,0.4,2159,0.47871287128712875
0.7,0.4,2160,0.5581683168316831
0.7,0.4,2161,0.4982673267326732
0.7,0.4,2162,0.4353960396039604
0.7,0.4,2163,0.5188118811881188
0.7,0.4,2164,0.45272277227722757
0.7,0.4,2165,0.49306930693069306
0.7,0.4,2166,0.45519801980198027
0.7,0.4,2167,0.4564356435643564
0.7,0.4,2168,0.4566831683168317
0.7,0.4,2169,0.4254950495049505
0.7,0.4,2170,0.46089108910891086
0.7,0.4,2171,0.39900990099009903
0.7,0.4,2172,0.4801980198019801
0.7,0.4,2173,0.44999999999999996
0.7,0.4,2174,0.4621287128712871
0.7,0.4,2175,0.44653465346534654
0.7,0.4,2176,0.47896039603960394
0.7,0.4,2177,0.5373762376237624
0.7,0.4,2178,0.4594059405940595
0.7,0.4,2179,0.49603960396039604
0.7,0.4,2180,0.49034653465346534
0.7,0.4,2181,0.44529702970297025
0.7,0.4,2182,0.480940594059406
0.7,0.4,2183,0.48638613861386143
0.7,0.4,2184,0.5074257425742574
0.7,0.4,2185,0.4853960396039604
0.7,0.4,2186,0.5267326732673268
0.7,0.4,2187,0.46955445544554447
0.7,0.4,2188,0.5294554455445546
0.7,0.4,2189,0.441089108910891
0.7,0.4,2190,0.4326732673267327
0.7,0.4,2191,0.4863861386138614
0.7,0.4,2192,0.4982673267326732
0.7,0.4,2193,0.4747524752475248
0.7,0.4,2194,0.45965346534653456
0.7,0.4,2195,0.4324257425742574
0.7,0.4,2196,0.43663366336633663
0.7,0.4,2197,0.4549504950495049
0.7,0.4,2198,0.4289603960396039
0.7,0.4,2199,0.4257425742574258
0.7,0.5,2200,0.362178217821782
0.7,0.5,2201,0.3873267326732674
0.7,0.5,2202,0.33940594059405943
0.7,0.5,2203,0.3489108910891089
0.7,0.5,2204,0.3203960396039604
0.7,0.5,2205,0.3609900990099009
0.7,0.5,2206,0.32118811881188114
0.7,0.5,2207,0.3584158415841584
0.7,0.5,2208,0.3308910891089109
0.7,0.5,2209,0.3538613861386139
0.7,0.5,2210,0.363960396039604
0.7,0.5,2211,0.30891089108910896
0.7,0.5,2212,0.33188118811881184
0.7,0.5,2213,0.3506930693069306
0.7,0.5,2214,0.33722772277227725
0.7,0.5,2215,0.31405940594059406
0.7,0.5,2216,0.3386138613861386
0.7,0.5,2217,0.3633663366336633
0.7,0.5,2218,0.3475247524752476
0.7,0.5,2219,0.3641584158415841
0.7,0.5,2220,0.3356435643564356
0.7,0.5,2221,0.3443564356435643
0.7,0.5,2222,0.3106930693069307
0.7,0.5,2223,0.3665346534653464
0.7,0.5,2224,0.35881188118811874
0.7,0.5,2225,0.3427722772277228
0.7,0.5,2226,0.34178217821782175
0.7,0.5,2227,0.3443564356435644
0.7,0.5,2228,0.31742574257425743
0.7,0.5,2229,0.35544554455445543
0.7,0.5,2230,0.30891089108910885
0.7,0.5,2231,0.3411881188118812
0.7,0.5,2232,0.3687128712871287
0.7,0.5,2233,0.33504950495049507
0.7,0.5,2234,0.38198019801980204
0.7,0.5,2235,0.3330693069306929
0.7,0.5,2236,0.35425742574257435
0.7,0.5,2237,0.3467326732673268
0.7,0.5,2238,0.33722772277227725
0.7,0.5,2239,0.3926732673267327
0.7,0.5,2240,0.37445544554455445
0.7,0.5,2241,0.31188118811881194
0.7,0.5,2242,0.3653465346534653
0.7,0.5,2243,0.36455445544554455
0.7,0.5,2244,0.3459405940594059
0.7,0.5,2245,0.36178217821782177
0.7,0.5,2246,0.33504950495049496
0.7,0.5,2247,0.34475247524752467
0.7,0.5,2248,0.36356435643564355
0.7,0.5,2249,0.3653465346534654
0.7,0.5,2250,0.31683168316831684
0.7,0.5,2251,0.36138613861386143
0.7,0.5,2252,0.33623762376237626
0.7,0.5,2253,0.36
0.7,0.5,2254,0.3392079207920792
0.7,0.5,2255,0.32871287128712867
0.7,0.5,2256,0.3419801980198019
0.7,0.5,2257,0.3203960396039604
0.7,0.5,2258,0.35683168316831676
0.7,0.5,2259,0.35643564356435636
0.7,0.5,2260,0.3346534653465346
0.7,0.5,2261,0.30495049504950494
0.7,0.5,2262,0.300990099009901
0.7,0.5,2263,0.3392079207920792
0.7,0.5,2264,0.39049504950495056
0.7,0.5,2265,0.3223762376237624
0.7,0.5,2266,0.38376237623762366
0.7,0.5,2267,0.3607920792079208
0.7,0.5,2268,0.3356435643564356
0.7,0.5,2269,0.3334653465346535
0.7,0.5,2270,0.3180198019801981
0.7,0.5,2271,0.34198019801980195
0.7,0.5,2272,0.3196039603960396
0.7,0.5,2273,0.3091089108910891
0.7,0.5,2274,0.32633663366336635
0.7,0.5,2275,0.30574257425742574
0.7,0.5,2276,0.3742574257425743
0.7,0.5,2277,0.34712871287128716
0.7,0.5,2278,0.3607920792079208
0.7,0.5,2279,0.312079207920792
0.7,0.5,2280,0.38693069306930694
0.7,0.5,2281,0.33425742574257433
0.7,0.5,2282,0.33841584158415844
0.7,0.5,2283,0.33683168316831674
0.7,0.5,2284,0.34891089108910894
0.7,0.5,2285,0.3732673267326732
0.7,0.5,2286,0.3291089108910891
0.7,0.5,2287,0.34811881188118815
0.7,0.5,2288,0.3279207920792079
0.7,0.5,2289,0.3499009900990099
0.7,0.5,2290,0.35346534653465345
0.7,0.5,2291,0.3471287128712871
0.7,0.5,2292,0.33168316831683176
0.7,0.5,2293,0.3841584158415842
0.7,0.5,2294,0.33247524752475244
0.7,0.5,2295,0.362970297029703
0.7,0.5,2296,0.3255445544554455
0.7,0.5,2297,0.35287128712871285
0.7,0.5,2298,0.3443564356435644
0.7,0.5,2299,0.35762376237623766
0.7,0.6,2300,0.2823432343234324
0.7,0.6,2301,0.25478547854785477
0.7,0.6,2302,0.26221122112211226
0.7,0.6,2303,0.26666666666666666
0.7,0.6,2304,0.2508250825082508
0.7,0.6,2305,0.2488448844884488
0.7,0.6,2306,0.27112211221122107
0.7,0.6,2307,0.25214521452145217
0.7,0.6,2308,0.2643564356435643
0.7,0.6,2309,0.2831683168316831
0.7,0.6,2310,0.25478547854785477
0.7,0.6,2311,0.26633663366336635
0.7,0.6,2312,0.2552805280528053
0.7,0.6,2313,0.24999999999999992
0.7,0.6,2314,0.2443894389438944
0.7,0.6,2315,0.25561056105610563
0.7,0.6,2316,0.28267326732673276
0.7,0.6,2317,0.27755775577557756
0.7,0.6,2318,0.2731023102310231
0.7,0.6,2319,0.25082508250825075
0.7,0.6,2320,0.2731023102310231
0.7,0.6,2321,0.265016501650165
0.7,0.6,2322,0.27013201320132013
0.7,0.6,2323,0.2536303630363036
0.7,0.6,2324,0.2641914191419142
0.7,0.6,2325,0.24372937293729377
0.7,0.6,2326,0.26320132013201314
0.7,0.6,2327,0.24158415841584158
0.7,0.6,2328,0.24735973597359737
0.7,0.6,2329,0.30412541254125414
0.7,0.6,2330,0.26452145214521455
0.7,0.6,2331,0.23646864686468647
0.7,0.6,2332,0.24059405940594064
0.7,0.6,2333,0.2574257425742574
0.7,0.6,2334,0.2524752475247525
0.7,0.6,2335,0.2618811881188119
0.7,0.6,2336,0.25132013201320136
0.7,0.6,2337,0.25891089108910886
0.7,0.6,2338,0.2574257425742575
0.7,0.6,2339,0.263036303630363
0.7,0.6,2340,0.27326732673267323
0.7,0.6,2341,0.2747524752475248
0.7,0.6,2342,0.25346534653465347
0.7,0.6,2343,0.2712871287128713
0.7,0.6,2344,0.23498349834983492
0.7,0.6,2345,0.24521452145214523
0.7,0.6,2346,0.2915841584158416
0.7,0.6,2347,0.249009900990099
0.7,0.6,2348,0.246039603960396
0.7,0.6,2349,0.2544554455445544
0.7,0.6,2350,0.2546204620462046
0.7,0.6,2351,0.26963696369636964
0.7,0.6,2352,0.3186468646864687
0.7,0.6,2353,0.2734323432343234
0.7,0.6,2354,0.24900990099009904
0.7,0.6,2355,0.2673267326732673
0.7,0.6,2356,0.26006600660066004
0.7,0.6,2357,0.2516501650165016
0.7,0.6,2358,0.2488448844884488
0.7,0.6,2359,0.2524752475247524
0.7,0.6,2360,0.22475247524752479
0.7,0.6,2361,0.24834983498349839
0.7,0.6,2362,0.24603960396039606
0.7,0.6,2363,0.2665016501650165
0.7,0.6,2364,0.24240924092409238
0.7,0.6,2365,0.2541254125412541
0.7,0.6,2366,0.25742574257425743
0.7,0.6,2367,0.24455445544554455
0.7,0.6,2368,0.24636963696369632
0.7,0.6,2369,0.2526402640264026
0.7,0.6,2370,0.24933993399339932
0.7,0.6,2371,0.2551155115511551
0.7,0.6,2372,0.24174917491749176
0.7,0.6,2373,0.2524752475247525
0.7,0.6,2374,0.2579207920792079
0.7,0.6,2375,0.2750825082508251
0.7,0.6,2376,0.25577557755775576
0.7,0.6,2377,0.25528052805280527
0.7,0.6,2378,0.2706270627062706
0.7,0.6,2379,0.25462046204620464
0.7,0.6,2380,0.25825082508250824
0.7,0.6,2381,0.24257425742574254
0.7,0.6,2382,0.2566006600660066
0.7,0.6,2383,0.2315181518151815
0.7,0.6,2384,0.2613861386138614
0.7,0.6,2385,0.2582508250825083
0.7,0.6,2386,0.2854785478547855
0.7,0.6,2387,0.2457095709570957
0.7,0.6,2388,0.25627062706270626
0.7,0.6,2389,0.25726072607260725
0.7,0.6,2390,0.24339933993399337
0.7,0.6,2391,0.27062706270627057
0.7,0.6,2392,0.28267326732673265
0.7,0.6,2393,0.2399339933993399
0.7,0.6,2394,0.28828382838283817
0.7,0.6,2395,0.2603960396039604
0.7,0.6,2396,0.2610561056105611
0.7,0.6,2397,0.2729372937293729
0.7,0.6,2398,0.25643564356435644
0.7,0.6,2399,0.2567656765676568
0.7,0.7000000000000001,2400,0.19886845827439886
0.7,0.7000000000000001,2401,0.17043847241867044
0.7,0.7000000000000001,2402,0.18953323903818953
0.7,0.7000000000000001,2403,0.1978783592644979
0.7,0.7000000000000001,2404,0.21145685997171146
0.7,0.7000000000000001,2405,0.18826025459688828
0.7,0.7000000000000001,2406,0.18981612446958981
0.7,0.7000000000000001,2407,0.21216407355021216
0.7,0.7000000000000001,2408,0.19363507779349368
0.7,0.7000000000000001,2409,0.2405940594059406
0.7,0.7000000000000001,2410,0.1927864214992928
0.7,0.7000000000000001,2411,0.1845827439886846
0.7,0.7000000000000001,2412,0.20212164073550212
0.7,0.7000000000000001,2413,0.20622347949080627
0.7,0.7000000000000001,2414,0.1992927864214993
0.7,0.7000000000000001,2415,0.18712871287128716
0.7,0.7000000000000001,2416,0.1908062234794908
0.7,0.7000000000000001,2417,0.2154172560113154
0.7,0.7000000000000001,2418,0.1946251768033946
0.7,0.7000000000000001,2419,0.2043847241867044
0.7,0.7000000000000001,2420,0.20198019801980197
0.7,0.7000000000000001,2421,0.20268741159830264
0.7,0.7000000000000001,2422,0.1867043847241867
0.7,0.7000000000000001,2423,0.21414427157001412
0.7,0.7000000000000001,2424,0.20990099009900992
0.7,0.7000000000000001,2425,0.19405940594059412
0.7,0.7000000000000001,2426,0.1872701555869873
0.7,0.7000000000000001,2427,0.1995756718528996
0.7,0.7000000000000001,2428,0.20523338048090523
0.7,0.7000000000000001,2429,0.183026874115983
0.7,0.7000000000000001,2430,0.1888260254596888
0.7,0.7000000000000001,2431,0.23366336633663368
0.7,0.7000000000000001,2432,0.21442715700141443
0.7,0.7000000000000001,2433,0.2253182461103253
0.7,0.7000000000000001,2434,0.19321074964639323
0.7,0.7000000000000001,2435,0.22715700141442716
0.7,0.7000000000000001,2436,0.216973125884017
0.7,0.7000000000000001,2437,0.21386138613861388
0.7,0.7000000000000001,2438,0.20311173974540314
0.7,0.7000000000000001,2439,0.21584158415841584
0.7,0.7000000000000001,2440,0.214992927864215
0.7,0.7000000000000001,2441,0.18316831683168316
0.7,0.7000000000000001,2442,0.19971711456859967
0.7,0.7000000000000001,2443,0.19024045261669026
0.7,0.7000000000000001,2444,0.20735502121640736
0.7,0.7000000000000001,2445,0.17949080622347952
0.7,0.7000000000000001,2446,0.1900990099009901
0.7,0.7000000000000001,2447,0.1961810466760962
0.7,0.7000000000000001,2448,0.20608203677510603
0.7,0.7000000000000001,2449,0.21230551626591232
0.7,0.7000000000000001,2450,0.1855728429985856
0.7,0.7000000000000001,2451,0.23663366336633662
0.7,0.7000000000000001,2452,0.19038189533239044
0.7,0.7000000000000001,2453,0.17736916548797735
0.7,0.7000000000000001,2454,0.19038189533239036
0.7,0.7000000000000001,2455,0.20876944837340877
0.7,0.7000000000000001,2456,0.1973125884016973
0.7,0.7000000000000001,2457,0.22743988684582744
0.7,0.7000000000000001,2458,0.1841584158415842
0.7,0.7000000000000001,2459,0.1858557284299859
0.7,0.7000000000000001,2460,0.20070721357850071
0.7,0.7000000000000001,2461,0.22630834512022632
0.7,0.7000000000000001,2462,0.2077793493635078
0.7,0.7000000000000001,2463,0.1992927864214993
0.7,0.7000000000000001,2464,0.18217821782178212
0.7,0.7000000000000001,2465,0.20707213578500708
0.7,0.7000000000000001,2466,0.2045261669024045
0.7,0.7000000000000001,2467,0.20834512022630836
0.7,0.7000000000000001,2468,0.2164073550212164
0.7,0.7000000000000001,2469,0.18189533239038191
0.7,0.7000000000000001,2470,0.18882602545968885
0.7,0.7000000000000001,2471,0.23253182461103256
0.7,0.7000000000000001,2472,0.19108910891089106
0.7,0.7000000000000001,2473,0.1852899575671853
0.7,0.7000000000000001,2474,0.18260254596888262
0.7,0.7000000000000001,2475,0.17977369165487977
0.7,0.7000000000000001,2476,0.20565770862800564
0.7,0.7000000000000001,2477,0.2032531824611033
0.7,0.7000000000000001,2478,0.20325318246110324
0.7,0.7000000000000001,2479,0.1779349363507779
0.7,0.7000000000000001,2480,0.20806223479490807
0.7,0.7000000000000001,2481,0.21145685997171143
0.7,0.7000000000000001,2482,0.22319660537482316
0.7,0.7000000000000001,2483,0.20975954738330982
0.7,0.7000000000000001,2484,0.19052333804809055
0.7,0.7000000000000001,2485,0.2055162659123055
0.7,0.7000000000000001,2486,0.19900990099009902
0.7,0.7000000000000001,2487,0.18967468175388968
0.7,0.7000000000000001,2488,0.17355021216407354
0.7,0.7000000000000001,2489,0.22192362093352191
0.7,0.7000000000000001,2490,0.22446958981612447
0.7,0.7000000000000001,2491,0.1971711456859972
0.7,0.7000000000000001,2492,0.2138613861386139
0.7,0.7000000000000001,2493,0.200990099009901
0.7,0.7000000000000001,2494,0.23239038189533234
0.7,0.7000000000000001,2495,0.19688826025459688
0.7,0.7000000000000001,2496,0.21131541725601133
0.7,0.7000000000000001,2497,0.2141442715700142
0.7,0.7000000000000001,2498,0.17722772277227725
0.7,0.7000000000000001,2499,0.20622347949080622
0.7,0.8,2500,0.17326732673267323
0.7,0.8,2501,0.1657178217821782
0.7,0.8,2502,0.1647277227722772
0.7,0.8,2503,0.1521039603960396
0.7,0.8,2504,0.1715346534653465
0.7,0.8,2505,0.16225247524752476
0.7,0.8,2506,0.14628712871287125
0.7,0.8,2507,0.12797029702970297
0.7,0.8,2508,0.16720297029702966
0.7,0.8,2509,0.16448019801980196
0.7,0.8,2510,0.16745049504950496
0.7,0.8,2511,0.13551980198019803
0.7,0.8,2512,0.16584158415841585
0.7,0.8,2513,0.1568069306930693
0.7,0.8,2514,0.1608910891089109
0.7,0.8,2515,0.16794554455445543
0.7,0.8,2516,0.17623762376237626
0.7,0.8,2517,0.15383663366336633
0.7,0.8,2518,0.16831683168316833
0.7,0.8,2519,0.15272277227722772
0.7,0.8,2520,0.1591584158415842
0.7,0.8,2521,0.16299504950495053
0.7,0.8,2522,0.16200495049504954
0.7,0.8,2523,0.1448019801980198
0.7,0.8,2524,0.17116336633663365
0.7,0.8,2525,0.16695544554455444
0.7,0.8,2526,0.15433168316831683
0.7,0.8,2527,0.1422029702970297
0.7,0.8,2528,0.17165841584158414
0.7,0.8,2529,0.15247524752475247
0.7,0.8,2530,0.14245049504950497
0.7,0.8,2531,0.16113861386138612
0.7,0.8,2532,0.15680693069306928
0.7,0.8,2533,0.16905940594059413
0.7,0.8,2534,0.15321782178217822
0.7,0.8,2535,0.15556930693069307
0.7,0.8,2536,0.14207920792079207
0.7,0.8,2537,0.1577970297029703
0.7,0.8,2538,0.14752475247524752
0.7,0.8,2539,0.14554455445544556
0.7,0.8,2540,0.14232673267326734
0.7,0.8,2541,0.16101485148514855
0.7,0.8,2542,0.18168316831683165
0.7,0.8,2543,0.1503712871287129
0.7,0.8,2544,0.15556930693069307
0.7,0.8,2545,0.14554455445544554
0.7,0.8,2546,0.13836633663366338
0.7,0.8,2547,0.1731435643564356
0.7,0.8,2548,0.16126237623762377
0.7,0.8,2549,0.14480198019801982
0.7,0.8,2550,0.14888613861386138
0.7,0.8,2551,0.14727722772277227
0.7,0.8,2552,0.14579207920792078
0.7,0.8,2553,0.13898514851485147
0.7,0.8,2554,0.14430693069306932
0.7,0.8,2555,0.1498762376237624
0.7,0.8,2556,0.16150990099009904
0.7,0.8,2557,0.15321782178217822
0.7,0.8,2558,0.14504950495049507
0.7,0.8,2559,0.1503712871287129
0.7,0.8,2560,0.16955445544554457
0.7,0.8,2561,0.1655940594059406
0.7,0.8,2562,0.15841584158415842
0.7,0.8,2563,0.15334158415841584
0.7,0.8,2564,0.16745049504950496
0.7,0.8,2565,0.15247524752475247
0.7,0.8,2566,0.16806930693069308
0.7,0.8,2567,0.15792079207920792
0.7,0.8,2568,0.1573019801980198
0.7,0.8,2569,0.1507425742574257
0.7,0.8,2570,0.15272277227722772
0.7,0.8,2571,0.151980198019802
0.7,0.8,2572,0.18836633663366342
0.7,0.8,2573,0.15816831683168314
0.7,0.8,2574,0.16943069306930694
0.7,0.8,2575,0.1603960396039604
0.7,0.8,2576,0.16014851485148512
0.7,0.8,2577,0.16027227722772278
0.7,0.8,2578,0.16893564356435647
0.7,0.8,2579,0.16212871287128713
0.7,0.8,2580,0.1537128712871287
0.7,0.8,2581,0.14950495049504947
0.7,0.8,2582,0.15965346534653466
0.7,0.8,2583,0.16212871287128713
0.7,0.8,2584,0.17660891089108913
0.7,0.8,2585,0.14566831683168316
0.7,0.8,2586,0.1579207920792079
0.7,0.8,2587,0.16064356435643565
0.7,0.8,2588,0.1547029702970297
0.7,0.8,2589,0.16683168316831684
0.7,0.8,2590,0.1667079207920792
0.7,0.8,2591,0.1448019801980198
0.7,0.8,2592,0.1537128712871287
0.7,0.8,2593,0.13415841584158417
0.7,0.8,2594,0.14566831683168316
0.7,0.8,2595,0.15185643564356438
0.7,0.8,2596,0.15952970297029703
0.7,0.8,2597,0.15556930693069307
0.7,0.8,2598,0.15952970297029703
0.7,0.8,2599,0.17029702970297034
0.7,0.9,2600,0.1256325632563256
0.7,0.9,2601,0.12090209020902087
0.7,0.9,2602,0.10737073707370734
0.7,0.9,2603,0.1277227722772277
0.7,0.9,2604,0.12376237623762375
0.7,0.9,2605,0.11892189218921889
0.7,0.9,2606,0.11122112211221122
0.7,0.9,2607,0.12970297029702965
0.7,0.9,2608,0.1221122112211221
0.7,0.9,2609,0.1113311331133113
0.7,0.9,2610,0.13344334433443342
0.7,0.9,2611,0.11089108910891086
0.7,0.9,2612,0.11848184818481845
0.7,0.9,2613,0.12376237623762373
0.7,0.9,2614,0.11793179317931791
0.7,0.9,2615,0.10968096809680966
0.7,0.9,2616,0.11705170517051704
0.7,0.9,2617,0.11100110011001098
0.7,0.9,2618,0.11925192519251923
0.7,0.9,2619,0.1409240924092409
0.7,0.9,2620,0.12024202420242022
0.7,0.9,2621,0.1144114411441144
0.7,0.9,2622,0.128052805280528
0.7,0.9,2623,0.12387238723872386
0.7,0.9,2624,0.13773377337733772
0.7,0.9,2625,0.1145214521452145
0.7,0.9,2626,0.1341034103410341
0.7,0.9,2627,0.1191419141914191
0.7,0.9,2628,0.12310231023102305
0.7,0.9,2629,0.10440044004400438
0.7,0.9,2630,0.1288228822882288
0.7,0.9,2631,0.1356435643564356
0.7,0.9,2632,0.12717271727172716
0.7,0.9,2633,0.1256325632563256
0.7,0.9,2634,0.10902090209020898
0.7,0.9,2635,0.12068206820682066
0.7,0.9,2636,0.11100110011001098
0.7,0.9,2637,0.12904290429042903
0.7,0.9,2638,0.11749174917491746
0.7,0.9,2639,0.10990099009900987
0.7,0.9,2640,0.11617161716171616
0.7,0.9,2641,0.12354235423542351
0.7,0.9,2642,0.11034103410341031
0.7,0.9,2643,0.11419141914191415
0.7,0.9,2644,0.09295929592959294
0.7,0.9,2645,0.10550055005500546
0.7,0.9,2646,0.13806380638063806
0.7,0.9,2647,0.128052805280528
0.7,0.9,2648,0.11859185918591858
0.7,0.9,2649,0.13520352035203517
0.7,0.9,2650,0.13531353135313529
0.7,0.9,2651,0.12354235423542351
0.7,0.9,2652,0.13355335533553353
0.7,0.9,2653,0.13377337733773378
0.7,0.9,2654,0.12178217821782175
0.7,0.9,2655,0.1101210121012101
0.7,0.9,2656,0.12057205720572055
0.7,0.9,2657,0.14565456545654562
0.7,0.9,2658,0.12266226622662264
0.7,0.9,2659,0.11177117711771176
0.7,0.9,2660,0.137073707370737
0.7,0.9,2661,0.11859185918591855
0.7,0.9,2662,0.12145214521452144
0.7,0.9,2663,0.15225522552255225
0.7,0.9,2664,0.12068206820682066
0.7,0.9,2665,0.10583058305830582
0.7,0.9,2666,0.12838283828382838
0.7,0.9,2667,0.11749174917491746
0.7,0.9,2668,0.1212321232123212
0.7,0.9,2669,0.1212321232123212
0.7,0.9,2670,0.12651265126512648
0.7,0.9,2671,0.1466446644664466
0.7,0.9,2672,0.12728272827282727
0.7,0.9,2673,0.11188118811881186
0.7,0.9,2674,0.12189218921892186
0.7,0.9,2675,0.1319031903190319
0.7,0.9,2676,0.10792079207920789
0.7,0.9,2677,0.12090209020902087
0.7,0.9,2678,0.12464246424642463
0.7,0.9,2679,0.10858085808580857
0.7,0.9,2680,0.12607260726072606
0.7,0.9,2681,0.1301430143014301
0.7,0.9,2682,0.1256325632563256
0.7,0.9,2683,0.09856985698569853
0.7,0.9,2684,0.11540154015401538
0.7,0.9,2685,0.11694169416941694
0.7,0.9,2686,0.12134213421342131
0.7,0.9,2687,0.11892189218921889
0.7,0.9,2688,0.11551155115511547
0.7,0.9,2689,0.11991199119911991
0.7,0.9,2690,0.13806380638063806
0.7,0.9,2691,0.12442244224422438
0.7,0.9,2692,0.128052805280528
0.7,0.9,2693,0.11727172717271724
0.7,0.9,2694,0.11595159515951593
0.7,0.9,2695,0.12805280528052804
0.7,0.9,2696,0.11540154015401538
0.7,0.9,2697,0.1269526952695269
0.7,0.9,2698,0.11364136413641363
0.7,0.9,2699,0.12299229922992296
